hostingorganizationkey	total_records	records_with_recordedbyid	pct_with_recordedbyid	records_with_valid_recordedbyid	pct_valid_recordedbyid	records_with_invalid_recordedbyid	pct_invalid_recordedbyid	records_with_orcid	pct_with_orcid	records_with_google_scholar	pct_with_google_scholar	records_with_researcherid	pct_with_researcherid	records_with_wikidata	pct_with_wikidata	records_with_linkedin	pct_with_linkedin
623a4940-3a7f-439f-a75f-e5a192a1e745	6414	6414	100.00000000000000	0	0.00000000000000	6414	100.00000000000000	0	0.00000000000000	0	0.00000000000000	0	0.00000000000000	0	0.00000000000000	0	0.00000000000000
b035747d-16a4-46e1-b599-599d43e1acc9	136386	136386	100.00000000000000	0	0.00000000000000	136386	100.00000000000000	0	0.00000000000000	0	0.00000000000000	0	0.00000000000000	0	0.00000000000000	0	0.00000000000000
afae4f45-b85e-4a0e-9d93-f30f044e8140	260772	215888	82.78802938965840	40800	15.64585154847913	175088	67.14217784117927	40800	15.64585154847913	0	0.00000000000000	0	0.00000000000000	0	0.00000000000000	0	0.00000000000000
a344ee9f-f1b7-4761-be2c-58ee6d741395	2999514	1717111	57.24630723510542	323526	10.78594732346640	1393585	46.46035991163902	148001	4.93416600155892	0	0.00000000000000	0	0.00000000000000	175525	5.85178132190748	0	0.00000000000000
96d7ceab-ce9f-4c8a-8d3a-448a5637094a	118490	32039	27.03941260865896	2106	1.77736517849608	29933	25.26204743016288	2106	1.77736517849608	0	0.00000000000000	0	0.00000000000000	0	0.00000000000000	0	0.00000000000000
9d77fdeb-100f-4b29-98ad-4effdd824457	310442	63913	20.58774263791626	56889	18.32516218810599	7024	2.26258044981027	55689	17.93861655317257	1200	0.38654563493342	0	0.00000000000000	0	0.00000000000000	0	0.00000000000000
b4640710-8e03-11d8-b956-b8a03c50a862	2304806	428032	18.57128105358976	52956	2.29763372709026	375076	16.27364732649950	52956	2.29763372709026	0	0.00000000000000	0	0.00000000000000	0	0.00000000000000	0	0.00000000000000
ccc2e3ec-98ba-4e74-878d-7dcf0f57baba	1215482	151011	12.42396020673280	151011	12.42396020673280	0	0.00000000000000	151011	12.42396020673280	0	0.00000000000000	0	0.00000000000000	0	0.00000000000000	0	0.00000000000000
6563e0ba-fab7-431c-b897-b6bf364f4f1e	171060	21145	12.36115982696130	20904	12.22027358821466	241	0.14088623874664	20904	12.22027358821466	0	0.00000000000000	0	0.00000000000000	0	0.00000000000000	0	0.00000000000000
57254bd0-8256-11d8-b7ed-b8a03c50a862	876897	97095	11.07256610525524	84226	9.60500492076036	12869	1.46756118449487	3518	0.40118736864193	0	0.00000000000000	0	0.00000000000000	84168	9.59839068898628	0	0.00000000000000
a30d7f59-d3d4-4e89-97dc-de9cf837f591	26116	2816	10.78266196967376	0	0.00000000000000	2816	10.78266196967376	0	0.00000000000000	0	0.00000000000000	0	0.00000000000000	0	0.00000000000000	0	0.00000000000000
90a628e5-440e-43b6-9c8d-64a5bfafb39f	74185	7981	10.75823953629440	0	0.00000000000000	7981	10.75823953629440	0	0.00000000000000	0	0.00000000000000	0	0.00000000000000	0	0.00000000000000	0	0.00000000000000
6fea41f8-96bd-425f-a8a0-766abe0e8101	6684	709	10.60742070616397	709	10.60742070616397	0	0.00000000000000	709	10.60742070616397	0	0.00000000000000	0	0.00000000000000	0	0.00000000000000	0	0.00000000000000
c4f66525-4d36-4c18-82ac-98e088f54db4	8258239	850972	10.30452133923467	740660	8.96874018782939	110312	1.33578115140528	736347	8.91651355694598	3136	0.03797419764674	25	0.00030272797869	395	0.00478310206328	820	0.00992947770100
46fec380-8e1d-11dd-8679-b8a03c50a862	2202268	125640	5.70502772596251	125034	5.67751063903213	606	0.02751708693038	125034	5.67751063903213	0	0.00000000000000	0	0.00000000000000	0	0.00000000000000	0	0.00000000000000
64795dcb-ad74-41b3-95e5-cc52ba754776	41546257	2252797	5.42238257468055	2232326	5.37310978459504	20471	0.04927279008552	941890	2.26708750201011	300	0.00072208670928	0	0.00000000000000	1375526	3.31083014289350	0	0.00000000000000
28eb1a3f-1c15-4a95-931a-4af90ecb574d	131187330	6604723	5.03457384184890	6604723	5.03457384184890	0	0.00000000000000	6604723	5.03457384184890	0	0.00000000000000	0	0.00000000000000	0	0.00000000000000	0	0.00000000000000
b43aa701-bc51-40a4-9f6c-b37e41d0e660	40633	1806	4.44466320478429	0	0.00000000000000	1806	4.44466320478429	0	0.00000000000000	0	0.00000000000000	0	0.00000000000000	0	0.00000000000000	0	0.00000000000000
2760d7b0-767c-11d8-a198-b8a03c50a862	219802	8429	3.83481496983649	8349	3.79841857671905	80	0.03639639311744	8349	3.79841857671905	0	0.00000000000000	0	0.00000000000000	0	0.00000000000000	0	0.00000000000000
f072f648-b8a4-47a0-9e1c-89d790645b5a	2770664	103122	3.72192369771289	101926	3.67875714991064	1196	0.04316654780226	101638	3.66836252970407	618	0.02230512252659	0	0.00000000000000	0	0.00000000000000	0	0.00000000000000
3c5e4331-7f2f-4a8d-aa56-81ece7014fc8	78356176	2117282	2.70212522877584	1942682	2.47929659048190	174600	0.22282863829394	1102889	1.40753295566644	0	0.00000000000000	0	0.00000000000000	861743	1.09977674255058	0	0.00000000000000
fd0038d0-3e7b-11d9-8439-b8a03c50a862	1379014	37171	2.69547662315248	37171	2.69547662315248	0	0.00000000000000	37171	2.69547662315248	0	0.00000000000000	0	0.00000000000000	0	0.00000000000000	0	0.00000000000000
497c081b-8157-4287-bb5c-291a4c71439c	369339	9929	2.68831615399403	9917	2.68506710637111	12	0.00324904762292	9917	2.68506710637111	0	0.00000000000000	0	0.00000000000000	0	0.00000000000000	0	0.00000000000000
bb922300-7ddb-11de-a300-90ac77aa923f	450225	11094	2.46410128269199	10770	2.39213726470098	324	0.07196401799100	10770	2.39213726470098	0	0.00000000000000	0	0.00000000000000	0	0.00000000000000	0	0.00000000000000
cd3512e7-886c-4873-b629-740abe8ae74e	375260	8716	2.32265629163780	7238	1.92879603474924	1478	0.39386025688856	7238	1.92879603474924	0	0.00000000000000	0	0.00000000000000	0	0.00000000000000	0	0.00000000000000
0870a77b-587c-4369-a8ed-bc3d347b8e1c	14451734	254444	1.76064685386543	254444	1.76064685386543	0	0.00000000000000	254444	1.76064685386543	0	0.00000000000000	0	0.00000000000000	0	0.00000000000000	0	0.00000000000000
6c4a0bb0-2a4d-11d8-aa2d-b8a03c50a862	39646196	505657	1.27542375061658	32331	0.08154880735594	473326	1.19387494326063	32331	0.08154880735594	0	0.00000000000000	0	0.00000000000000	0	0.00000000000000	0	0.00000000000000
b6d09100-919d-4026-b35b-22be3dae7156	1844553	16363	0.88709839185971	16363	0.88709839185971	0	0.00000000000000	16363	0.88709839185971	0	0.00000000000000	0	0.00000000000000	0	0.00000000000000	0	0.00000000000000
0c163d39-b67e-4bd9-a2f4-6344b67247f9	306382	2623	0.85612079038586	2623	0.85612079038586	0	0.00000000000000	2623	0.85612079038586	0	0.00000000000000	0	0.00000000000000	0	0.00000000000000	0	0.00000000000000
cdcc4ce1-7f6e-4ed2-b47c-eb451925b038	10126735	85341	0.84272966558323	85341	0.84272966558323	0	0.00000000000000	8696	0.08587170494735	0	0.00000000000000	0	0.00000000000000	78428	0.77446482010243	0	0.00000000000000
c5f7ef70-e233-11d9-a4d6-b8a03c50a862	10015459	71547	0.71436566212292	36501	0.36444660199797	35046	0.34991906012495	36501	0.36444660199797	0	0.00000000000000	0	0.00000000000000	0	0.00000000000000	0	0.00000000000000
c54097e6-0972-4acb-b849-eaeba29c917d	474579	3152	0.66416760960767	2149	0.45282239627122	1003	0.21134521333645	2149	0.45282239627122	0	0.00000000000000	0	0.00000000000000	0	0.00000000000000	0	0.00000000000000
ff7bd5db-b724-4932-b496-10ea298851f9	4193656	22657	0.54026844357286	20439	0.48737903156577	2218	0.05288941200709	20434	0.48725980385611	0	0.00000000000000	0	0.00000000000000	5	0.00011922770966	0	0.00000000000000
fbca90e3-8aed-48b1-84e3-369afbd000ce	120445514	626621	0.52025266794079	44145	0.03665142730015	582476	0.48360124064064	44145	0.03665142730015	0	0.00000000000000	0	0.00000000000000	0	0.00000000000000	0	0.00000000000000
06a11821-bcc9-4417-bd6a-0a9b796139f0	18343	70	0.38161696559996	70	0.38161696559996	0	0.00000000000000	70	0.38161696559996	0	0.00000000000000	0	0.00000000000000	0	0.00000000000000	0	0.00000000000000
1e9400fa-ce73-4737-9eaa-f25df148945c	424241	1255	0.29582242168956	1255	0.29582242168956	0	0.00000000000000	1255	0.29582242168956	0	0.00000000000000	0	0.00000000000000	0	0.00000000000000	0	0.00000000000000
c3ad790a-d426-4ac1-8e32-da61f81f0117	78561506	224178	0.28535349105960	92222	0.11738827919108	131956	0.16796521186852	92222	0.11738827919108	0	0.00000000000000	0	0.00000000000000	0	0.00000000000000	0	0.00000000000000
bf0d80b3-46da-4e60-b1cf-39f2320acb43	4545460	11389	0.25055769933076	587	0.01291398450322	10802	0.23764371482754	587	0.01291398450322	0	0.00000000000000	0	0.00000000000000	0	0.00000000000000	0	0.00000000000000
ff90b050-c256-11db-b71b-b8a03c50a862	7649884	16944	0.22149355467351	0	0.00000000000000	16944	0.22149355467351	0	0.00000000000000	0	0.00000000000000	0	0.00000000000000	0	0.00000000000000	0	0.00000000000000
ff265032-b806-411a-b4b8-15a27b767dce	651030	1197	0.18386249481591	1197	0.18386249481591	0	0.00000000000000	1197	0.18386249481591	0	0.00000000000000	0	0.00000000000000	0	0.00000000000000	0	0.00000000000000
2053a639-84c3-4be5-b8bc-96b6d88a976c	15137121	23455	0.15495020486392	22018	0.14545698617326	1437	0.00949321869066	22018	0.14545698617326	0	0.00000000000000	0	0.00000000000000	0	0.00000000000000	0	0.00000000000000
2a7e3080-28a9-11dd-97cd-b8a03c50a862	1363440	1953	0.14324062665024	1953	0.14324062665024	0	0.00000000000000	1953	0.14324062665024	0	0.00000000000000	0	0.00000000000000	0	0.00000000000000	0	0.00000000000000
fb10a11f-4417-41c8-be6a-13a5c8535122	2965029	2477	0.08354049825482	2477	0.08354049825482	0	0.00000000000000	2477	0.08354049825482	0	0.00000000000000	0	0.00000000000000	0	0.00000000000000	0	0.00000000000000
fcb15579-e732-4e2d-aa74-796787ef8c27	1160834	832	0.07167260779750	832	0.07167260779750	0	0.00000000000000	832	0.07167260779750	0	0.00000000000000	0	0.00000000000000	0	0.00000000000000	0	0.00000000000000
75642970-f855-11dd-8235-b8a03c50a862	3241200	744	0.02295446131063	590	0.01820313464149	154	0.00475132666913	590	0.01820313464149	0	0.00000000000000	0	0.00000000000000	0	0.00000000000000	0	0.00000000000000
bc092ff0-02e4-11dc-991f-b8a03c50a862	10423791	2085	0.02000231969348	232	0.00222567777884	1853	0.01777664191464	232	0.00222567777884	0	0.00000000000000	0	0.00000000000000	24	0.00023024252885	0	0.00000000000000
5d5e5d82-076c-4e9a-b5b0-c88d1b691a6a	34206408	3396	0.00992796437439	2903	0.00848671395137	493	0.00144125042302	2903	0.00848671395137	0	0.00000000000000	0	0.00000000000000	0	0.00000000000000	0	0.00000000000000
fcfa64a2-a7f0-4331-9431-86df15c76ad7	94369	7	0.00741769013129	7	0.00741769013129	0	0.00000000000000	7	0.00741769013129	0	0.00000000000000	0	0.00000000000000	0	0.00000000000000	0	0.00000000000000
c58ac019-b413-4613-8772-39e57acbeb8e	2401983	76	0.00316405236840	0	0.00000000000000	76	0.00316405236840	0	0.00000000000000	0	0.00000000000000	0	0.00000000000000	0	0.00000000000000	0	0.00000000000000
23e067c0-a255-11da-beae-b8a03c50a862	28522160	644	0.00225789351157	82	0.00028749575768	562	0.00197039775389	82	0.00028749575768	0	0.00000000000000	0	0.00000000000000	0	0.00000000000000	0	0.00000000000000
f314b0b0-e3dc-11d9-8d81-b8a03c50a862	490684	3	0.00061139144541	3	0.00061139144541	0	0.00000000000000	3	0.00061139144541	0	0.00000000000000	0	0.00000000000000	3	0.00061139144541	0	0.00000000000000
37e82b90-1e21-11de-ab90-f72009d2669b	4610600	14	0.00030364811521	0	0.00000000000000	14	0.00030364811521	0	0.00000000000000	0	0.00000000000000	0	0.00000000000000	0	0.00000000000000	0	0.00000000000000
1928bdf0-f5d2-11dc-8c12-b8a03c50a862	148049130	0	0.00000000000000	0	0.00000000000000	0	0.00000000000000	0	0.00000000000000	0	0.00000000000000	0	0.00000000000000	0	0.00000000000000	0	0.00000000000000
7ce8aef0-9e92-11dc-8738-b8a03c50a862	535122	0	0.00000000000000	0	0.00000000000000	0	0.00000000000000	0	0.00000000000000	0	0.00000000000000	0	0.00000000000000	0	0.00000000000000	0	0.00000000000000
f5fd374b-89cb-4ab6-b3eb-794c65f232c3	1746586	0	0.00000000000000	0	0.00000000000000	0	0.00000000000000	0	0.00000000000000	0	0.00000000000000	0	0.00000000000000	0	0.00000000000000	0	0.00000000000000
e2e717bf-551a-4917-bdc9-4fa0f342c530	1775781186	0	0.00000000000000	0	0.00000000000000	0	0.00000000000000	0	0.00000000000000	0	0.00000000000000	0	0.00000000000000	0	0.00000000000000	0	0.00000000000000
98dbab03-09e5-4ceb-988e-04f3e803decb	238595	0	0.00000000000000	0	0.00000000000000	0	0.00000000000000	0	0.00000000000000	0	0.00000000000000	0	0.00000000000000	0	0.00000000000000	0	0.00000000000000
541c2668-9391-4479-b90f-fe90b365f33b	174326	0	0.00000000000000	0	0.00000000000000	0	0.00000000000000	0	0.00000000000000	0	0.00000000000000	0	0.00000000000000	0	0.00000000000000	0	0.00000000000000
c8ce072d-9c61-4ec8-b8e7-0c36a8122791	70872	0	0.00000000000000	0	0.00000000000000	0	0.00000000000000	0	0.00000000000000	0	0.00000000000000	0	0.00000000000000	0	0.00000000000000	0	0.00000000000000
07f617d0-c688-11d8-bf62-b8a03c50a862	137537418	0	0.00000000000000	0	0.00000000000000	0	0.00000000000000	0	0.00000000000000	0	0.00000000000000	0	0.00000000000000	0	0.00000000000000	0	0.00000000000000
eb07eeb0-3db9-11d9-8439-b8a03c50a862	2373983	0	0.00000000000000	0	0.00000000000000	0	0.00000000000000	0	0.00000000000000	0	0.00000000000000	0	0.00000000000000	0	0.00000000000000	0	0.00000000000000
d2583793-e5c1-41ae-83bd-86300d34e2cb	212251	0	0.00000000000000	0	0.00000000000000	0	0.00000000000000	0	0.00000000000000	0	0.00000000000000	0	0.00000000000000	0	0.00000000000000	0	0.00000000000000
17fba53b-3c1b-4689-82e1-4d66ad4f445c	11621240	0	0.00000000000000	0	0.00000000000000	0	0.00000000000000	0	0.00000000000000	0	0.00000000000000	0	0.00000000000000	0	0.00000000000000	0	0.00000000000000
3693ff90-4c16-11d8-b290-b8a03c50a862	882660	0	0.00000000000000	0	0.00000000000000	0	0.00000000000000	0	0.00000000000000	0	0.00000000000000	0	0.00000000000000	0	0.00000000000000	0	0.00000000000000
4c415e40-1e21-11de-9e40-a0d6ecebb8bf	163282122	0	0.00000000000000	0	0.00000000000000	0	0.00000000000000	0	0.00000000000000	0	0.00000000000000	0	0.00000000000000	0	0.00000000000000	0	0.00000000000000
96710dc8-fecb-440d-ae3e-c34ae8a9616f	21551736	0	0.00000000000000	0	0.00000000000000	0	0.00000000000000	0	0.00000000000000	0	0.00000000000000	0	0.00000000000000	0	0.00000000000000	0	0.00000000000000
b94c4428-77c1-47e0-a8c2-2b08228d8dd8	39757	0	0.00000000000000	0	0.00000000000000	0	0.00000000000000	0	0.00000000000000	0	0.00000000000000	0	0.00000000000000	0	0.00000000000000	0	0.00000000000000
b459e790-0d3c-11d9-8431-b8a03c50a862	418676	0	0.00000000000000	0	0.00000000000000	0	0.00000000000000	0	0.00000000000000	0	0.00000000000000	0	0.00000000000000	0	0.00000000000000	0	0.00000000000000
09a9c196-cb5b-4fa1-afc2-3499b868b225	10324315	0	0.00000000000000	0	0.00000000000000	0	0.00000000000000	0	0.00000000000000	0	0.00000000000000	0	0.00000000000000	0	0.00000000000000	0	0.00000000000000
09871350-0a23-11d8-b854-b8a03c50a862	246944	0	0.00000000000000	0	0.00000000000000	0	0.00000000000000	0	0.00000000000000	0	0.00000000000000	0	0.00000000000000	0	0.00000000000000	0	0.00000000000000
12b1df00-3f75-11d8-aa2d-b8a03c50a862	7906995	0	0.00000000000000	0	0.00000000000000	0	0.00000000000000	0	0.00000000000000	0	0.00000000000000	0	0.00000000000000	0	0.00000000000000	0	0.00000000000000
a86e9e36-12ec-49a4-a94c-c0c981fffb71	1296070	0	0.00000000000000	0	0.00000000000000	0	0.00000000000000	0	0.00000000000000	0	0.00000000000000	0	0.00000000000000	0	0.00000000000000	0	0.00000000000000
bd14512a-b63d-42c1-b426-4c4f0623b6c3	2775	0	0.00000000000000	0	0.00000000000000	0	0.00000000000000	0	0.00000000000000	0	0.00000000000000	0	0.00000000000000	0	0.00000000000000	0	0.00000000000000
3dc9105b-6792-4d2f-8872-c60dded8ae20	326220	0	0.00000000000000	0	0.00000000000000	0	0.00000000000000	0	0.00000000000000	0	0.00000000000000	0	0.00000000000000	0	0.00000000000000	0	0.00000000000000
0dc9c7a0-b5c6-11d9-a0b8-b8a03c50a862	2209382	0	0.00000000000000	0	0.00000000000000	0	0.00000000000000	0	0.00000000000000	0	0.00000000000000	0	0.00000000000000	0	0.00000000000000	0	0.00000000000000
0674aea0-a7e1-11d8-9534-b8a03c50a862	16002142	0	0.00000000000000	0	0.00000000000000	0	0.00000000000000	0	0.00000000000000	0	0.00000000000000	0	0.00000000000000	0	0.00000000000000	0	0.00000000000000
1a4e6112-b3af-402e-b29f-c2ade2167f72	15231204	0	0.00000000000000	0	0.00000000000000	0	0.00000000000000	0	0.00000000000000	0	0.00000000000000	0	0.00000000000000	0	0.00000000000000	0	0.00000000000000
c1bf22f5-6186-4d64-bfb2-2d76437dde82	3267124	0	0.00000000000000	0	0.00000000000000	0	0.00000000000000	0	0.00000000000000	0	0.00000000000000	0	0.00000000000000	0	0.00000000000000	0	0.00000000000000
ac5e8480-3714-11da-bc2e-b8a03c50a862	468171	0	0.00000000000000	0	0.00000000000000	0	0.00000000000000	0	0.00000000000000	0	0.00000000000000	0	0.00000000000000	0	0.00000000000000	0	0.00000000000000
6772852d-ca2e-496f-9bea-dcf86134cb19	6419761	0	0.00000000000000	0	0.00000000000000	0	0.00000000000000	0	0.00000000000000	0	0.00000000000000	0	0.00000000000000	0	0.00000000000000	0	0.00000000000000
43d864a3-904c-428a-bb59-981a3ae5179d	5437	0	0.00000000000000	0	0.00000000000000	0	0.00000000000000	0	0.00000000000000	0	0.00000000000000	0	0.00000000000000	0	0.00000000000000	0	0.00000000000000
08b96540-e8cb-4c7f-879d-360ad58be6cd	9364	0	0.00000000000000	0	0.00000000000000	0	0.00000000000000	0	0.00000000000000	0	0.00000000000000	0	0.00000000000000	0	0.00000000000000	0	0.00000000000000
2c7d9b50-a845-11da-ae09-b8a03c50a862	853	0	0.00000000000000	0	0.00000000000000	0	0.00000000000000	0	0.00000000000000	0	0.00000000000000	0	0.00000000000000	0	0.00000000000000	0	0.00000000000000
121b1f00-66de-484d-9fb3-32bb07585840	253504	0	0.00000000000000	0	0.00000000000000	0	0.00000000000000	0	0.00000000000000	0	0.00000000000000	0	0.00000000000000	0	0.00000000000000	0	0.00000000000000
299958e0-4c06-11d8-b290-b8a03c50a862	8022083	0	0.00000000000000	0	0.00000000000000	0	0.00000000000000	0	0.00000000000000	0	0.00000000000000	0	0.00000000000000	0	0.00000000000000	0	0.00000000000000
12308e00-4b80-11da-8809-b8a03c50a862	484567	0	0.00000000000000	0	0.00000000000000	0	0.00000000000000	0	0.00000000000000	0	0.00000000000000	0	0.00000000000000	0	0.00000000000000	0	0.00000000000000
9fdb5a90-a5a6-11dd-8d5f-b8a03c50a862	87914	0	0.00000000000000	0	0.00000000000000	0	0.00000000000000	0	0.00000000000000	0	0.00000000000000	0	0.00000000000000	0	0.00000000000000	0	0.00000000000000
c3367060-856b-11d9-8486-b8a03c50a862	2374883	0	0.00000000000000	0	0.00000000000000	0	0.00000000000000	0	0.00000000000000	0	0.00000000000000	0	0.00000000000000	0	0.00000000000000	0	0.00000000000000
1989b627-2a61-44db-83e4-392efc5da0a9	39067	0	0.00000000000000	0	0.00000000000000	0	0.00000000000000	0	0.00000000000000	0	0.00000000000000	0	0.00000000000000	0	0.00000000000000	0	0.00000000000000
a41250f0-7c3e-11d8-a19c-b8a03c50a862	1053432	0	0.00000000000000	0	0.00000000000000	0	0.00000000000000	0	0.00000000000000	0	0.00000000000000	0	0.00000000000000	0	0.00000000000000	0	0.00000000000000
a5486e02-d249-4809-9273-deac47fb11e0	2674421	0	0.00000000000000	0	0.00000000000000	0	0.00000000000000	0	0.00000000000000	0	0.00000000000000	0	0.00000000000000	0	0.00000000000000	0	0.00000000000000
90fd6680-349f-11d8-aa2d-b8a03c50a862	7649835	0	0.00000000000000	0	0.00000000000000	0	0.00000000000000	0	0.00000000000000	0	0.00000000000000	0	0.00000000000000	0	0.00000000000000	0	0.00000000000000
d6bc1312-f24f-4258-b117-a13243b915ff	208537	0	0.00000000000000	0	0.00000000000000	0	0.00000000000000	0	0.00000000000000	0	0.00000000000000	0	0.00000000000000	0	0.00000000000000	0	0.00000000000000
a8144f37-5ff7-4137-9400-94b5b2ea4ec4	945619	0	0.00000000000000	0	0.00000000000000	0	0.00000000000000	0	0.00000000000000	0	0.00000000000000	0	0.00000000000000	0	0.00000000000000	0	0.00000000000000
1f001218-e6d3-4e97-a129-63475d0dac88	4315	0	0.00000000000000	0	0.00000000000000	0	0.00000000000000	0	0.00000000000000	0	0.00000000000000	0	0.00000000000000	0	0.00000000000000	0	0.00000000000000
d33a9c4e-e33c-4311-a2fe-88dbdff7b4b9	49443	0	0.00000000000000	0	0.00000000000000	0	0.00000000000000	0	0.00000000000000	0	0.00000000000000	0	0.00000000000000	0	0.00000000000000	0	0.00000000000000
43cab2b0-0653-11d9-acb2-b8a03c50a862	10425486	0	0.00000000000000	0	0.00000000000000	0	0.00000000000000	0	0.00000000000000	0	0.00000000000000	0	0.00000000000000	0	0.00000000000000	0	0.00000000000000
57c9be37-aeac-410c-8cea-2aea1a472f07	8331	0	0.00000000000000	0	0.00000000000000	0	0.00000000000000	0	0.00000000000000	0	0.00000000000000	0	0.00000000000000	0	0.00000000000000	0	0.00000000000000
575c52b0-a742-11db-a6ff-b8a03c50a862	264711	0	0.00000000000000	0	0.00000000000000	0	0.00000000000000	0	0.00000000000000	0	0.00000000000000	0	0.00000000000000	0	0.00000000000000	0	0.00000000000000
32e82a64-c9b4-4b2f-9fbd-d446309b973f	580497	0	0.00000000000000	0	0.00000000000000	0	0.00000000000000	0	0.00000000000000	0	0.00000000000000	0	0.00000000000000	0	0.00000000000000	0	0.00000000000000
6d2a7654-1ed0-4924-b22e-9bc221ab2124	326086	0	0.00000000000000	0	0.00000000000000	0	0.00000000000000	0	0.00000000000000	0	0.00000000000000	0	0.00000000000000	0	0.00000000000000	0	0.00000000000000
7b3aa470-605f-11d8-b9b2-b8a03c50a862	343241	0	0.00000000000000	0	0.00000000000000	0	0.00000000000000	0	0.00000000000000	0	0.00000000000000	0	0.00000000000000	0	0.00000000000000	0	0.00000000000000
efcf5460-a06a-11d9-8ec2-b8a03c50a862	1909	0	0.00000000000000	0	0.00000000000000	0	0.00000000000000	0	0.00000000000000	0	0.00000000000000	0	0.00000000000000	0	0.00000000000000	0	0.00000000000000
b2dbd210-90c2-11df-86a3-b8a03c50a862	607399	0	0.00000000000000	0	0.00000000000000	0	0.00000000000000	0	0.00000000000000	0	0.00000000000000	0	0.00000000000000	0	0.00000000000000	0	0.00000000000000
b87dc34e-ff76-458a-b163-f37e5634d0fb	1702	0	0.00000000000000	0	0.00000000000000	0	0.00000000000000	0	0.00000000000000	0	0.00000000000000	0	0.00000000000000	0	0.00000000000000	0	0.00000000000000
90d71b83-ed31-44fc-bab9-a604c8e7c2b0	1787036	0	0.00000000000000	0	0.00000000000000	0	0.00000000000000	0	0.00000000000000	0	0.00000000000000	0	0.00000000000000	0	0.00000000000000	0	0.00000000000000
95f1c5d0-8996-11d9-a962-b8a03c50a862	8834639	0	0.00000000000000	0	0.00000000000000	0	0.00000000000000	0	0.00000000000000	0	0.00000000000000	0	0.00000000000000	0	0.00000000000000	0	0.00000000000000
2e7df380-8356-4533-bcb3-5459e23c794e	1510454	0	0.00000000000000	0	0.00000000000000	0	0.00000000000000	0	0.00000000000000	0	0.00000000000000	0	0.00000000000000	0	0.00000000000000	0	0.00000000000000
4cadac10-3e7b-11d9-8439-b8a03c50a862	304188	0	0.00000000000000	0	0.00000000000000	0	0.00000000000000	0	0.00000000000000	0	0.00000000000000	0	0.00000000000000	0	0.00000000000000	0	0.00000000000000
609765e0-4ce8-11db-b80e-b8a03c50a862	580424	0	0.00000000000000	0	0.00000000000000	0	0.00000000000000	0	0.00000000000000	0	0.00000000000000	0	0.00000000000000	0	0.00000000000000	0	0.00000000000000
417c3159-419c-4325-a257-c482371860c6	50682	0	0.00000000000000	0	0.00000000000000	0	0.00000000000000	0	0.00000000000000	0	0.00000000000000	0	0.00000000000000	0	0.00000000000000	0	0.00000000000000
06fcbbf0-0562-11d8-b851-b8a03c50a862	304901	0	0.00000000000000	0	0.00000000000000	0	0.00000000000000	0	0.00000000000000	0	0.00000000000000	0	0.00000000000000	0	0.00000000000000	0	0.00000000000000
b554c320-0560-11d8-b851-b8a03c50a862	3245608	0	0.00000000000000	0	0.00000000000000	0	0.00000000000000	0	0.00000000000000	0	0.00000000000000	0	0.00000000000000	0	0.00000000000000	0	0.00000000000000
58172c10-1dc5-11de-be11-b8a03c50a862	24569	0	0.00000000000000	0	0.00000000000000	0	0.00000000000000	0	0.00000000000000	0	0.00000000000000	0	0.00000000000000	0	0.00000000000000	0	0.00000000000000
b648db34-3bf9-45eb-a65b-8176a3c3be88	2094951	0	0.00000000000000	0	0.00000000000000	0	0.00000000000000	0	0.00000000000000	0	0.00000000000000	0	0.00000000000000	0	0.00000000000000	0	0.00000000000000
614053e2-79b2-40db-9e73-07ff944da7c6	144907	0	0.00000000000000	0	0.00000000000000	0	0.00000000000000	0	0.00000000000000	0	0.00000000000000	0	0.00000000000000	0	0.00000000000000	0	0.00000000000000
99ea0c90-61e5-11dc-a64c-b8a03c50a862	94748	0	0.00000000000000	0	0.00000000000000	0	0.00000000000000	0	0.00000000000000	0	0.00000000000000	0	0.00000000000000	0	0.00000000000000	0	0.00000000000000
0c392aa0-a452-4254-be5c-e49dd60e9b02	57241	0	0.00000000000000	0	0.00000000000000	0	0.00000000000000	0	0.00000000000000	0	0.00000000000000	0	0.00000000000000	0	0.00000000000000	0	0.00000000000000
7c0177c0-1c0d-4c6c-bb0b-77e61759495d	789096	0	0.00000000000000	0	0.00000000000000	0	0.00000000000000	0	0.00000000000000	0	0.00000000000000	0	0.00000000000000	0	0.00000000000000	0	0.00000000000000
7d77970a-28ba-43e3-9dc8-de37db3e1894	185573	0	0.00000000000000	0	0.00000000000000	0	0.00000000000000	0	0.00000000000000	0	0.00000000000000	0	0.00000000000000	0	0.00000000000000	0	0.00000000000000
c2465426-2110-46d2-a06f-8accaedca40d	53861	0	0.00000000000000	0	0.00000000000000	0	0.00000000000000	0	0.00000000000000	0	0.00000000000000	0	0.00000000000000	0	0.00000000000000	0	0.00000000000000
3fc079e3-9654-4be8-a917-db7394752193	9243	0	0.00000000000000	0	0.00000000000000	0	0.00000000000000	0	0.00000000000000	0	0.00000000000000	0	0.00000000000000	0	0.00000000000000	0	0.00000000000000
a3250342-34a5-4101-8831-d1a136483952	117883	0	0.00000000000000	0	0.00000000000000	0	0.00000000000000	0	0.00000000000000	0	0.00000000000000	0	0.00000000000000	0	0.00000000000000	0	0.00000000000000
6b4fc310-4452-11de-87a1-b8a03c50a862	15493	0	0.00000000000000	0	0.00000000000000	0	0.00000000000000	0	0.00000000000000	0	0.00000000000000	0	0.00000000000000	0	0.00000000000000	0	0.00000000000000
41ed8e0d-6ec5-43a7-a417-f275015fc96b	2338	0	0.00000000000000	0	0.00000000000000	0	0.00000000000000	0	0.00000000000000	0	0.00000000000000	0	0.00000000000000	0	0.00000000000000	0	0.00000000000000
cd9be75a-6884-4655-a827-07036f8472d4	4256	0	0.00000000000000	0	0.00000000000000	0	0.00000000000000	0	0.00000000000000	0	0.00000000000000	0	0.00000000000000	0	0.00000000000000	0	0.00000000000000
76905ca0-1e21-11de-9ca0-cd203b273f5d	58885	0	0.00000000000000	0	0.00000000000000	0	0.00000000000000	0	0.00000000000000	0	0.00000000000000	0	0.00000000000000	0	0.00000000000000	0	0.00000000000000
6cb14a23-1f7a-44c2-b1d9-af8d11e9c2b3	540	0	0.00000000000000	0	0.00000000000000	0	0.00000000000000	0	0.00000000000000	0	0.00000000000000	0	0.00000000000000	0	0.00000000000000	0	0.00000000000000
bb646dff-a905-4403-a49b-6d378c2cf0d9	21921387	0	0.00000000000000	0	0.00000000000000	0	0.00000000000000	0	0.00000000000000	0	0.00000000000000	0	0.00000000000000	0	0.00000000000000	0	0.00000000000000
19456090-b49a-11d8-abeb-b8a03c50a862	5720693	0	0.00000000000000	0	0.00000000000000	0	0.00000000000000	0	0.00000000000000	0	0.00000000000000	0	0.00000000000000	0	0.00000000000000	0	0.00000000000000
c49fdf8d-5648-4ae7-b0be-d3d9c67bc755	407920	0	0.00000000000000	0	0.00000000000000	0	0.00000000000000	0	0.00000000000000	0	0.00000000000000	0	0.00000000000000	0	0.00000000000000	0	0.00000000000000
dd862d06-e6e9-4ab9-bc86-c875cc148c1f	23445131	0	0.00000000000000	0	0.00000000000000	0	0.00000000000000	0	0.00000000000000	0	0.00000000000000	0	0.00000000000000	0	0.00000000000000	0	0.00000000000000
ae447c50-b8a8-11d8-92a4-b8a03c50a862	4740607	0	0.00000000000000	0	0.00000000000000	0	0.00000000000000	0	0.00000000000000	0	0.00000000000000	0	0.00000000000000	0	0.00000000000000	0	0.00000000000000
8eae4f57-6fb4-4504-8f76-a949b8e9e4d4	1648	0	0.00000000000000	0	0.00000000000000	0	0.00000000000000	0	0.00000000000000	0	0.00000000000000	0	0.00000000000000	0	0.00000000000000	0	0.00000000000000
7c4f3b54-fc4b-42f3-a664-3ca93d12e10f	69664	0	0.00000000000000	0	0.00000000000000	0	0.00000000000000	0	0.00000000000000	0	0.00000000000000	0	0.00000000000000	0	0.00000000000000	0	0.00000000000000
b41e07a6-63ec-4903-afa1-6bee41498326	86421	0	0.00000000000000	0	0.00000000000000	0	0.00000000000000	0	0.00000000000000	0	0.00000000000000	0	0.00000000000000	0	0.00000000000000	0	0.00000000000000
e7cc89db-d984-4b46-bf67-fb2ffdcf1e22	6787	0	0.00000000000000	0	0.00000000000000	0	0.00000000000000	0	0.00000000000000	0	0.00000000000000	0	0.00000000000000	0	0.00000000000000	0	0.00000000000000
1afc3a83-38f8-4282-90ae-d377ded4b628	9131	0	0.00000000000000	0	0.00000000000000	0	0.00000000000000	0	0.00000000000000	0	0.00000000000000	0	0.00000000000000	0	0.00000000000000	0	0.00000000000000
485ff490-e3b7-11db-9acc-b8a03c50a862	2004210	0	0.00000000000000	0	0.00000000000000	0	0.00000000000000	0	0.00000000000000	0	0.00000000000000	0	0.00000000000000	0	0.00000000000000	0	0.00000000000000
ce3cfcc0-6d56-11db-a819-b8a03c50a862	607514	0	0.00000000000000	0	0.00000000000000	0	0.00000000000000	0	0.00000000000000	0	0.00000000000000	0	0.00000000000000	0	0.00000000000000	0	0.00000000000000
49355de0-eb1f-11dc-ad06-b8a03c50a862	17155	0	0.00000000000000	0	0.00000000000000	0	0.00000000000000	0	0.00000000000000	0	0.00000000000000	0	0.00000000000000	0	0.00000000000000	0	0.00000000000000
3b5161b7-9831-4444-9822-a60df4df107d	197837	0	0.00000000000000	0	0.00000000000000	0	0.00000000000000	0	0.00000000000000	0	0.00000000000000	0	0.00000000000000	0	0.00000000000000	0	0.00000000000000
463555b0-d081-11da-ae8f-b8a03c50a862	43092	0	0.00000000000000	0	0.00000000000000	0	0.00000000000000	0	0.00000000000000	0	0.00000000000000	0	0.00000000000000	0	0.00000000000000	0	0.00000000000000
4f160e00-329d-11d9-8439-b8a03c50a862	1957	0	0.00000000000000	0	0.00000000000000	0	0.00000000000000	0	0.00000000000000	0	0.00000000000000	0	0.00000000000000	0	0.00000000000000	0	0.00000000000000
1ecaad1e-29a1-4af8-8098-40d942ae522d	423271	0	0.00000000000000	0	0.00000000000000	0	0.00000000000000	0	0.00000000000000	0	0.00000000000000	0	0.00000000000000	0	0.00000000000000	0	0.00000000000000
061b4f20-f241-11da-a328-b8a03c50a862	6723279	0	0.00000000000000	0	0.00000000000000	0	0.00000000000000	0	0.00000000000000	0	0.00000000000000	0	0.00000000000000	0	0.00000000000000	0	0.00000000000000
03e3e605-d8c7-44ab-a5be-d9f18712327d	70068	0	0.00000000000000	0	0.00000000000000	0	0.00000000000000	0	0.00000000000000	0	0.00000000000000	0	0.00000000000000	0	0.00000000000000	0	0.00000000000000
a269a54f-fc5f-4d56-87d5-3e807a5b25d3	27988	0	0.00000000000000	0	0.00000000000000	0	0.00000000000000	0	0.00000000000000	0	0.00000000000000	0	0.00000000000000	0	0.00000000000000	0	0.00000000000000
7a070ba0-bafb-11d9-8e53-b8a03c50a862	3196660	0	0.00000000000000	0	0.00000000000000	0	0.00000000000000	0	0.00000000000000	0	0.00000000000000	0	0.00000000000000	0	0.00000000000000	0	0.00000000000000
2e167bb0-4441-11db-9ba2-b8a03c50a862	1852454	0	0.00000000000000	0	0.00000000000000	0	0.00000000000000	0	0.00000000000000	0	0.00000000000000	0	0.00000000000000	0	0.00000000000000	0	0.00000000000000
03cb9700-6cee-11d8-922d-b8a03c50a862	479298	0	0.00000000000000	0	0.00000000000000	0	0.00000000000000	0	0.00000000000000	0	0.00000000000000	0	0.00000000000000	0	0.00000000000000	0	0.00000000000000
62431bdf-fa0c-452b-afce-be14884a47ff	102081	0	0.00000000000000	0	0.00000000000000	0	0.00000000000000	0	0.00000000000000	0	0.00000000000000	0	0.00000000000000	0	0.00000000000000	0	0.00000000000000
f9b67ad0-9c9b-11d9-b9db-b8a03c50a862	958498	0	0.00000000000000	0	0.00000000000000	0	0.00000000000000	0	0.00000000000000	0	0.00000000000000	0	0.00000000000000	0	0.00000000000000	0	0.00000000000000
c04707c7-f9fe-41e5-a9b7-5f46af21e0b5	15207	0	0.00000000000000	0	0.00000000000000	0	0.00000000000000	0	0.00000000000000	0	0.00000000000000	0	0.00000000000000	0	0.00000000000000	0	0.00000000000000
ae9d61b1-58a7-4ec8-b8ab-1aa9b36f5df8	370124	0	0.00000000000000	0	0.00000000000000	0	0.00000000000000	0	0.00000000000000	0	0.00000000000000	0	0.00000000000000	0	0.00000000000000	0	0.00000000000000
98e934b0-5f31-11de-b67e-b8a03c50a862	1658274	0	0.00000000000000	0	0.00000000000000	0	0.00000000000000	0	0.00000000000000	0	0.00000000000000	0	0.00000000000000	0	0.00000000000000	0	0.00000000000000
60f8ce17-065e-40ff-bac6-4f85f5edaedd	131642	0	0.00000000000000	0	0.00000000000000	0	0.00000000000000	0	0.00000000000000	0	0.00000000000000	0	0.00000000000000	0	0.00000000000000	0	0.00000000000000
83e105d0-1e21-11de-85d0-fe7fa1df8ee2	313949	0	0.00000000000000	0	0.00000000000000	0	0.00000000000000	0	0.00000000000000	0	0.00000000000000	0	0.00000000000000	0	0.00000000000000	0	0.00000000000000
64995bb0-bafb-11d9-8e53-b8a03c50a862	22817	0	0.00000000000000	0	0.00000000000000	0	0.00000000000000	0	0.00000000000000	0	0.00000000000000	0	0.00000000000000	0	0.00000000000000	0	0.00000000000000
def87a70-0837-11d9-acb2-b8a03c50a862	126129	0	0.00000000000000	0	0.00000000000000	0	0.00000000000000	0	0.00000000000000	0	0.00000000000000	0	0.00000000000000	0	0.00000000000000	0	0.00000000000000
c1b1455b-18ec-4637-9e0f-18cb0524b7ed	787519	0	0.00000000000000	0	0.00000000000000	0	0.00000000000000	0	0.00000000000000	0	0.00000000000000	0	0.00000000000000	0	0.00000000000000	0	0.00000000000000
5f2df235-914f-4cc9-b247-08fb981e8b8a	56667	0	0.00000000000000	0	0.00000000000000	0	0.00000000000000	0	0.00000000000000	0	0.00000000000000	0	0.00000000000000	0	0.00000000000000	0	0.00000000000000
315127e0-d7bb-11db-9885-b8a03c50a862	993	0	0.00000000000000	0	0.00000000000000	0	0.00000000000000	0	0.00000000000000	0	0.00000000000000	0	0.00000000000000	0	0.00000000000000	0	0.00000000000000
30e59560-2a13-41cb-bfb2-4cc567c8698f	1543	0	0.00000000000000	0	0.00000000000000	0	0.00000000000000	0	0.00000000000000	0	0.00000000000000	0	0.00000000000000	0	0.00000000000000	0	0.00000000000000
5ab24120-de25-11dc-9a41-b8a03c50a862	126031	0	0.00000000000000	0	0.00000000000000	0	0.00000000000000	0	0.00000000000000	0	0.00000000000000	0	0.00000000000000	0	0.00000000000000	0	0.00000000000000
d1805d75-066e-42d6-8cab-1c0d30323db3	253310	0	0.00000000000000	0	0.00000000000000	0	0.00000000000000	0	0.00000000000000	0	0.00000000000000	0	0.00000000000000	0	0.00000000000000	0	0.00000000000000
6bcc0290-6e76-11db-bcd5-b8a03c50a862	4688951	0	0.00000000000000	0	0.00000000000000	0	0.00000000000000	0	0.00000000000000	0	0.00000000000000	0	0.00000000000000	0	0.00000000000000	0	0.00000000000000
f9912a00-84a9-11d9-8952-b8a03c50a862	493826	0	0.00000000000000	0	0.00000000000000	0	0.00000000000000	0	0.00000000000000	0	0.00000000000000	0	0.00000000000000	0	0.00000000000000	0	0.00000000000000
18377e40-63a3-11da-b5f3-b8a03c50a862	180013	0	0.00000000000000	0	0.00000000000000	0	0.00000000000000	0	0.00000000000000	0	0.00000000000000	0	0.00000000000000	0	0.00000000000000	0	0.00000000000000
dc9ffd5f-8c6a-4cf5-bf37-447243885fc6	62813	0	0.00000000000000	0	0.00000000000000	0	0.00000000000000	0	0.00000000000000	0	0.00000000000000	0	0.00000000000000	0	0.00000000000000	0	0.00000000000000
80420c96-95d0-44eb-9f77-339ac92051fb	54398	0	0.00000000000000	0	0.00000000000000	0	0.00000000000000	0	0.00000000000000	0	0.00000000000000	0	0.00000000000000	0	0.00000000000000	0	0.00000000000000
5a117420-d451-4764-b018-aa4a3e42203e	35955	0	0.00000000000000	0	0.00000000000000	0	0.00000000000000	0	0.00000000000000	0	0.00000000000000	0	0.00000000000000	0	0.00000000000000	0	0.00000000000000
e92e0710-24c4-11dc-a625-b8a03c50a862	3362	0	0.00000000000000	0	0.00000000000000	0	0.00000000000000	0	0.00000000000000	0	0.00000000000000	0	0.00000000000000	0	0.00000000000000	0	0.00000000000000
94458240-4e38-11db-985b-b8a03c50a862	89667	0	0.00000000000000	0	0.00000000000000	0	0.00000000000000	0	0.00000000000000	0	0.00000000000000	0	0.00000000000000	0	0.00000000000000	0	0.00000000000000
1bfac9af-cc42-4b4f-9d9c-1b456dd804d3	35489	0	0.00000000000000	0	0.00000000000000	0	0.00000000000000	0	0.00000000000000	0	0.00000000000000	0	0.00000000000000	0	0.00000000000000	0	0.00000000000000
8d30d714-63f5-4f6f-a1a4-d73d09aa60c4	6079	0	0.00000000000000	0	0.00000000000000	0	0.00000000000000	0	0.00000000000000	0	0.00000000000000	0	0.00000000000000	0	0.00000000000000	0	0.00000000000000
5796fe40-1516-11dd-9fa4-b8a03c50a862	255089	0	0.00000000000000	0	0.00000000000000	0	0.00000000000000	0	0.00000000000000	0	0.00000000000000	0	0.00000000000000	0	0.00000000000000	0	0.00000000000000
ff418020-1d67-11d9-8435-b8a03c50a862	91344	0	0.00000000000000	0	0.00000000000000	0	0.00000000000000	0	0.00000000000000	0	0.00000000000000	0	0.00000000000000	0	0.00000000000000	0	0.00000000000000
b9c5f740-34d9-11de-baf5-e00d96b185ef	1347467	0	0.00000000000000	0	0.00000000000000	0	0.00000000000000	0	0.00000000000000	0	0.00000000000000	0	0.00000000000000	0	0.00000000000000	0	0.00000000000000
25053eca-4437-41de-b675-444497ae24e6	31360	0	0.00000000000000	0	0.00000000000000	0	0.00000000000000	0	0.00000000000000	0	0.00000000000000	0	0.00000000000000	0	0.00000000000000	0	0.00000000000000
81bfa2a5-22a8-4bea-b91c-d54bda1365b9	35764	0	0.00000000000000	0	0.00000000000000	0	0.00000000000000	0	0.00000000000000	0	0.00000000000000	0	0.00000000000000	0	0.00000000000000	0	0.00000000000000
57324530-812c-11de-86fe-b8a03c50a862	23048	0	0.00000000000000	0	0.00000000000000	0	0.00000000000000	0	0.00000000000000	0	0.00000000000000	0	0.00000000000000	0	0.00000000000000	0	0.00000000000000
7ecaddcb-313f-4736-bd84-c36efe0bded9	11290	0	0.00000000000000	0	0.00000000000000	0	0.00000000000000	0	0.00000000000000	0	0.00000000000000	0	0.00000000000000	0	0.00000000000000	0	0.00000000000000
51c13746-65aa-48e2-8f7d-5c50b01c4886	6337	0	0.00000000000000	0	0.00000000000000	0	0.00000000000000	0	0.00000000000000	0	0.00000000000000	0	0.00000000000000	0	0.00000000000000	0	0.00000000000000
833f0d81-717d-4f11-95b0-0f738545adad	19601	0	0.00000000000000	0	0.00000000000000	0	0.00000000000000	0	0.00000000000000	0	0.00000000000000	0	0.00000000000000	0	0.00000000000000	0	0.00000000000000
8ca12fcf-3afe-4d66-933e-48bea18197c4	2158	0	0.00000000000000	0	0.00000000000000	0	0.00000000000000	0	0.00000000000000	0	0.00000000000000	0	0.00000000000000	0	0.00000000000000	0	0.00000000000000
16f88706-56f2-4e1e-8f39-74782cc1ae27	89942	0	0.00000000000000	0	0.00000000000000	0	0.00000000000000	0	0.00000000000000	0	0.00000000000000	0	0.00000000000000	0	0.00000000000000	0	0.00000000000000
6fbb8fe2-66e2-4a9e-bb39-b84665571f1c	4482	0	0.00000000000000	0	0.00000000000000	0	0.00000000000000	0	0.00000000000000	0	0.00000000000000	0	0.00000000000000	0	0.00000000000000	0	0.00000000000000
866b32c9-6990-4c4e-8dea-ec9a96c9f1a5	4315	0	0.00000000000000	0	0.00000000000000	0	0.00000000000000	0	0.00000000000000	0	0.00000000000000	0	0.00000000000000	0	0.00000000000000	0	0.00000000000000
3c1d3550-c688-11da-bc3f-b8a03c50a862	3210	0	0.00000000000000	0	0.00000000000000	0	0.00000000000000	0	0.00000000000000	0	0.00000000000000	0	0.00000000000000	0	0.00000000000000	0	0.00000000000000
7d3cd162-288f-42ad-b2ad-915272be963e	6898	0	0.00000000000000	0	0.00000000000000	0	0.00000000000000	0	0.00000000000000	0	0.00000000000000	0	0.00000000000000	0	0.00000000000000	0	0.00000000000000
fe9d23a5-5514-4d6e-b05b-d115425cd159	65955	0	0.00000000000000	0	0.00000000000000	0	0.00000000000000	0	0.00000000000000	0	0.00000000000000	0	0.00000000000000	0	0.00000000000000	0	0.00000000000000
e9c97df1-fb0a-46d6-8cef-08005205291b	6819	0	0.00000000000000	0	0.00000000000000	0	0.00000000000000	0	0.00000000000000	0	0.00000000000000	0	0.00000000000000	0	0.00000000000000	0	0.00000000000000
091b6785-d56d-47eb-a744-528ef7c468c2	2001	0	0.00000000000000	0	0.00000000000000	0	0.00000000000000	0	0.00000000000000	0	0.00000000000000	0	0.00000000000000	0	0.00000000000000	0	0.00000000000000
c3772c32-d3c9-4e5d-a974-f459d464021b	422	0	0.00000000000000	0	0.00000000000000	0	0.00000000000000	0	0.00000000000000	0	0.00000000000000	0	0.00000000000000	0	0.00000000000000	0	0.00000000000000
9e1ad169-1f58-48fb-ad7a-3b2b4544d875	435	0	0.00000000000000	0	0.00000000000000	0	0.00000000000000	0	0.00000000000000	0	0.00000000000000	0	0.00000000000000	0	0.00000000000000	0	0.00000000000000
dc3f994e-bd32-4714-8d88-6fb895fb48cc	164357	0	0.00000000000000	0	0.00000000000000	0	0.00000000000000	0	0.00000000000000	0	0.00000000000000	0	0.00000000000000	0	0.00000000000000	0	0.00000000000000
2d6267a0-0561-11d8-b851-b8a03c50a862	137328	0	0.00000000000000	0	0.00000000000000	0	0.00000000000000	0	0.00000000000000	0	0.00000000000000	0	0.00000000000000	0	0.00000000000000	0	0.00000000000000
7acb3000-c181-11db-adfe-b8a03c50a862	1373	0	0.00000000000000	0	0.00000000000000	0	0.00000000000000	0	0.00000000000000	0	0.00000000000000	0	0.00000000000000	0	0.00000000000000	0	0.00000000000000
c1199f67-c288-4737-983d-11d573fa941d	165	0	0.00000000000000	0	0.00000000000000	0	0.00000000000000	0	0.00000000000000	0	0.00000000000000	0	0.00000000000000	0	0.00000000000000	0	0.00000000000000
7ac19c7e-3e49-4672-ac94-76126d676f40	709117	0	0.00000000000000	0	0.00000000000000	0	0.00000000000000	0	0.00000000000000	0	0.00000000000000	0	0.00000000000000	0	0.00000000000000	0	0.00000000000000
c4254a00-cb2b-11d8-bf68-b8a03c50a862	146624	0	0.00000000000000	0	0.00000000000000	0	0.00000000000000	0	0.00000000000000	0	0.00000000000000	0	0.00000000000000	0	0.00000000000000	0	0.00000000000000
9aef3224-9dd6-4fb5-9e06-2d6c25b42d20	16506	0	0.00000000000000	0	0.00000000000000	0	0.00000000000000	0	0.00000000000000	0	0.00000000000000	0	0.00000000000000	0	0.00000000000000	0	0.00000000000000
497688a0-59d6-11db-893e-b8a03c50a862	8603	0	0.00000000000000	0	0.00000000000000	0	0.00000000000000	0	0.00000000000000	0	0.00000000000000	0	0.00000000000000	0	0.00000000000000	0	0.00000000000000
79914a60-cb99-11d9-b772-b8a03c50a862	11486	0	0.00000000000000	0	0.00000000000000	0	0.00000000000000	0	0.00000000000000	0	0.00000000000000	0	0.00000000000000	0	0.00000000000000	0	0.00000000000000
7005bd99-23ca-4d42-840a-5d6dc19b43f6	8327	0	0.00000000000000	0	0.00000000000000	0	0.00000000000000	0	0.00000000000000	0	0.00000000000000	0	0.00000000000000	0	0.00000000000000	0	0.00000000000000
0f285de3-932e-483b-b915-b2377786ee90	9492	0	0.00000000000000	0	0.00000000000000	0	0.00000000000000	0	0.00000000000000	0	0.00000000000000	0	0.00000000000000	0	0.00000000000000	0	0.00000000000000
3059a14b-7b43-41ce-beef-873999911dfe	2324	0	0.00000000000000	0	0.00000000000000	0	0.00000000000000	0	0.00000000000000	0	0.00000000000000	0	0.00000000000000	0	0.00000000000000	0	0.00000000000000
cb1987f0-8661-11dc-ace4-b8a03c50a862	63719	0	0.00000000000000	0	0.00000000000000	0	0.00000000000000	0	0.00000000000000	0	0.00000000000000	0	0.00000000000000	0	0.00000000000000	0	0.00000000000000
79324e30-d4c7-11d8-bf69-b8a03c50a862	48487	0	0.00000000000000	0	0.00000000000000	0	0.00000000000000	0	0.00000000000000	0	0.00000000000000	0	0.00000000000000	0	0.00000000000000	0	0.00000000000000
c4cbb860-e9c7-11da-8113-b8a03c50a862	10509	0	0.00000000000000	0	0.00000000000000	0	0.00000000000000	0	0.00000000000000	0	0.00000000000000	0	0.00000000000000	0	0.00000000000000	0	0.00000000000000
1df2cfdc-3b09-4076-861d-f56389927d9b	3633	0	0.00000000000000	0	0.00000000000000	0	0.00000000000000	0	0.00000000000000	0	0.00000000000000	0	0.00000000000000	0	0.00000000000000	0	0.00000000000000
f077abf7-3e12-4e23-bfc3-9573dfdb009a	3782	0	0.00000000000000	0	0.00000000000000	0	0.00000000000000	0	0.00000000000000	0	0.00000000000000	0	0.00000000000000	0	0.00000000000000	0	0.00000000000000
61e40671-1a75-4bcd-9a0d-63515057d39d	6232	0	0.00000000000000	0	0.00000000000000	0	0.00000000000000	0	0.00000000000000	0	0.00000000000000	0	0.00000000000000	0	0.00000000000000	0	0.00000000000000
822ae110-d90e-11dc-8e3b-b8a03c50a862	2255	0	0.00000000000000	0	0.00000000000000	0	0.00000000000000	0	0.00000000000000	0	0.00000000000000	0	0.00000000000000	0	0.00000000000000	0	0.00000000000000
988a0d00-34b5-11da-9a7b-b8a03c50a862	1901	0	0.00000000000000	0	0.00000000000000	0	0.00000000000000	0	0.00000000000000	0	0.00000000000000	0	0.00000000000000	0	0.00000000000000	0	0.00000000000000
9764f31c-f399-4912-97fd-01ebf8b8141c	8658	0	0.00000000000000	0	0.00000000000000	0	0.00000000000000	0	0.00000000000000	0	0.00000000000000	0	0.00000000000000	0	0.00000000000000	0	0.00000000000000
1cd669d0-80ea-11de-a9d0-f1765f95f18b	39925875	0	0.00000000000000	0	0.00000000000000	0	0.00000000000000	0	0.00000000000000	0	0.00000000000000	0	0.00000000000000	0	0.00000000000000	0	0.00000000000000
04fd2e13-6881-4e5c-9dd1-8fdd9ab993c1	50995783	0	0.00000000000000	0	0.00000000000000	0	0.00000000000000	0	0.00000000000000	0	0.00000000000000	0	0.00000000000000	0	0.00000000000000	0	0.00000000000000
67b2263f-6990-4d9d-b32b-20aa72ef4fbc	5364449	0	0.00000000000000	0	0.00000000000000	0	0.00000000000000	0	0.00000000000000	0	0.00000000000000	0	0.00000000000000	0	0.00000000000000	0	0.00000000000000
10980920-6dad-11da-ad13-b8a03c50a862	1146205	0	0.00000000000000	0	0.00000000000000	0	0.00000000000000	0	0.00000000000000	0	0.00000000000000	0	0.00000000000000	0	0.00000000000000	0	0.00000000000000
657b7bf0-766b-11d9-9f77-b8a03c50a862	4670753	0	0.00000000000000	0	0.00000000000000	0	0.00000000000000	0	0.00000000000000	0	0.00000000000000	0	0.00000000000000	0	0.00000000000000	0	0.00000000000000
da86174a-a605-43a4-a5e8-53d484152cd3	14734986	0	0.00000000000000	0	0.00000000000000	0	0.00000000000000	0	0.00000000000000	0	0.00000000000000	0	0.00000000000000	0	0.00000000000000	0	0.00000000000000
76e6d2c0-1be0-4cf0-b73b-1f10e3bf444c	1857919	0	0.00000000000000	0	0.00000000000000	0	0.00000000000000	0	0.00000000000000	0	0.00000000000000	0	0.00000000000000	0	0.00000000000000	0	0.00000000000000
2cd829bb-b713-433d-99cf-64bef11e5b3e	9699441	0	0.00000000000000	0	0.00000000000000	0	0.00000000000000	0	0.00000000000000	0	0.00000000000000	0	0.00000000000000	0	0.00000000000000	0	0.00000000000000
8595cd50-87c0-11dc-bb35-b8a03c50a862	6488649	0	0.00000000000000	0	0.00000000000000	0	0.00000000000000	0	0.00000000000000	0	0.00000000000000	0	0.00000000000000	0	0.00000000000000	0	0.00000000000000
396d5f30-dea9-11db-8ab4-b8a03c50a862	10411494	0	0.00000000000000	0	0.00000000000000	0	0.00000000000000	0	0.00000000000000	0	0.00000000000000	0	0.00000000000000	0	0.00000000000000	0	0.00000000000000
6567af74-d231-4588-a123-5d0b7a095fda	933045	0	0.00000000000000	0	0.00000000000000	0	0.00000000000000	0	0.00000000000000	0	0.00000000000000	0	0.00000000000000	0	0.00000000000000	0	0.00000000000000
7b8aff00-a9f8-11d8-944b-b8a03c50a862	3142450	0	0.00000000000000	0	0.00000000000000	0	0.00000000000000	0	0.00000000000000	0	0.00000000000000	0	0.00000000000000	0	0.00000000000000	0	0.00000000000000
fd515d3a-b237-42de-bba6-760008580da5	337390	0	0.00000000000000	0	0.00000000000000	0	0.00000000000000	0	0.00000000000000	0	0.00000000000000	0	0.00000000000000	0	0.00000000000000	0	0.00000000000000
2089ce96-4fb5-4a20-999c-3ccf45a27a4d	36339843	0	0.00000000000000	0	0.00000000000000	0	0.00000000000000	0	0.00000000000000	0	0.00000000000000	0	0.00000000000000	0	0.00000000000000	0	0.00000000000000
5fa89f68-9af0-4a0d-8998-ea39695c1db9	9947879	0	0.00000000000000	0	0.00000000000000	0	0.00000000000000	0	0.00000000000000	0	0.00000000000000	0	0.00000000000000	0	0.00000000000000	0	0.00000000000000
d5778510-eb28-11da-8629-b8a03c50a862	2232378	0	0.00000000000000	0	0.00000000000000	0	0.00000000000000	0	0.00000000000000	0	0.00000000000000	0	0.00000000000000	0	0.00000000000000	0	0.00000000000000
1f27e074-e2c0-4cf2-9b78-731e9f789f00	38929	0	0.00000000000000	0	0.00000000000000	0	0.00000000000000	0	0.00000000000000	0	0.00000000000000	0	0.00000000000000	0	0.00000000000000	0	0.00000000000000
cace8d10-2646-11d8-a2da-b8a03c50a862	15010500	0	0.00000000000000	0	0.00000000000000	0	0.00000000000000	0	0.00000000000000	0	0.00000000000000	0	0.00000000000000	0	0.00000000000000	0	0.00000000000000
4fd82480-ea1c-11da-8db4-b8a03c50a862	11545383	0	0.00000000000000	0	0.00000000000000	0	0.00000000000000	0	0.00000000000000	0	0.00000000000000	0	0.00000000000000	0	0.00000000000000	0	0.00000000000000
4bc4943a-c94f-4bd4-9aa3-2a9cae94398a	94098	0	0.00000000000000	0	0.00000000000000	0	0.00000000000000	0	0.00000000000000	0	0.00000000000000	0	0.00000000000000	0	0.00000000000000	0	0.00000000000000
6b2f029b-7823-4b84-9c30-31ff364238fe	2585546	0	0.00000000000000	0	0.00000000000000	0	0.00000000000000	0	0.00000000000000	0	0.00000000000000	0	0.00000000000000	0	0.00000000000000	0	0.00000000000000
5ffa575c-fcd4-4583-9611-545f67b04316	1711723	0	0.00000000000000	0	0.00000000000000	0	0.00000000000000	0	0.00000000000000	0	0.00000000000000	0	0.00000000000000	0	0.00000000000000	0	0.00000000000000
b81896a3-05ab-4011-a360-1aededb554a3	340018	0	0.00000000000000	0	0.00000000000000	0	0.00000000000000	0	0.00000000000000	0	0.00000000000000	0	0.00000000000000	0	0.00000000000000	0	0.00000000000000
d2b97690-bfd6-11de-b279-d52977ace833	2459922	0	0.00000000000000	0	0.00000000000000	0	0.00000000000000	0	0.00000000000000	0	0.00000000000000	0	0.00000000000000	0	0.00000000000000	0	0.00000000000000
a2936bd0-b280-11db-b710-b8a03c50a862	7	0	0.00000000000000	0	0.00000000000000	0	0.00000000000000	0	0.00000000000000	0	0.00000000000000	0	0.00000000000000	0	0.00000000000000	0	0.00000000000000
838537fc-4aeb-4980-8b58-97fbdcd1d91a	4641370	0	0.00000000000000	0	0.00000000000000	0	0.00000000000000	0	0.00000000000000	0	0.00000000000000	0	0.00000000000000	0	0.00000000000000	0	0.00000000000000
b2db85d5-c5fe-4125-9e36-590a5f651829	895985	0	0.00000000000000	0	0.00000000000000	0	0.00000000000000	0	0.00000000000000	0	0.00000000000000	0	0.00000000000000	0	0.00000000000000	0	0.00000000000000
c0d9c91a-0f83-4819-bf7e-bb5e1184eb6b	403495	0	0.00000000000000	0	0.00000000000000	0	0.00000000000000	0	0.00000000000000	0	0.00000000000000	0	0.00000000000000	0	0.00000000000000	0	0.00000000000000
f6b48504-1651-4a49-a88d-c2bc6178694d	5065575	0	0.00000000000000	0	0.00000000000000	0	0.00000000000000	0	0.00000000000000	0	0.00000000000000	0	0.00000000000000	0	0.00000000000000	0	0.00000000000000
c76cf030-2a95-11da-9cc1-b8a03c50a862	2095188	0	0.00000000000000	0	0.00000000000000	0	0.00000000000000	0	0.00000000000000	0	0.00000000000000	0	0.00000000000000	0	0.00000000000000	0	0.00000000000000
5353b120-c0bc-11db-b2dd-b8a03c50a862	7667	0	0.00000000000000	0	0.00000000000000	0	0.00000000000000	0	0.00000000000000	0	0.00000000000000	0	0.00000000000000	0	0.00000000000000	0	0.00000000000000
8483a1f0-1032-11db-ae00-b8a03c50a862	2675542	0	0.00000000000000	0	0.00000000000000	0	0.00000000000000	0	0.00000000000000	0	0.00000000000000	0	0.00000000000000	0	0.00000000000000	0	0.00000000000000
0c6d40e3-5d96-4a2d-9342-b02833aaa766	5450642	0	0.00000000000000	0	0.00000000000000	0	0.00000000000000	0	0.00000000000000	0	0.00000000000000	0	0.00000000000000	0	0.00000000000000	0	0.00000000000000
2d08e940-df21-45b4-9d17-1eff118907ff	2640450	0	0.00000000000000	0	0.00000000000000	0	0.00000000000000	0	0.00000000000000	0	0.00000000000000	0	0.00000000000000	0	0.00000000000000	0	0.00000000000000
927f1e70-cf74-11d8-bf68-b8a03c50a862	882474	0	0.00000000000000	0	0.00000000000000	0	0.00000000000000	0	0.00000000000000	0	0.00000000000000	0	0.00000000000000	0	0.00000000000000	0	0.00000000000000
cecc196e-f262-4986-a88a-6adf035dca0e	211809	0	0.00000000000000	0	0.00000000000000	0	0.00000000000000	0	0.00000000000000	0	0.00000000000000	0	0.00000000000000	0	0.00000000000000	0	0.00000000000000
b6f05cf0-43ce-11d9-8439-b8a03c50a862	317934	0	0.00000000000000	0	0.00000000000000	0	0.00000000000000	0	0.00000000000000	0	0.00000000000000	0	0.00000000000000	0	0.00000000000000	0	0.00000000000000
67268f0e-3401-4be5-847b-3752cba6e71c	2294610	0	0.00000000000000	0	0.00000000000000	0	0.00000000000000	0	0.00000000000000	0	0.00000000000000	0	0.00000000000000	0	0.00000000000000	0	0.00000000000000
66522820-055c-11d8-b84e-b8a03c50a862	3547295	0	0.00000000000000	0	0.00000000000000	0	0.00000000000000	0	0.00000000000000	0	0.00000000000000	0	0.00000000000000	0	0.00000000000000	0	0.00000000000000
6e1cad80-bdf5-11d8-84ea-b8a03c50a862	898213	0	0.00000000000000	0	0.00000000000000	0	0.00000000000000	0	0.00000000000000	0	0.00000000000000	0	0.00000000000000	0	0.00000000000000	0	0.00000000000000
2e4af590-37d0-11d9-8439-b8a03c50a862	317449	0	0.00000000000000	0	0.00000000000000	0	0.00000000000000	0	0.00000000000000	0	0.00000000000000	0	0.00000000000000	0	0.00000000000000	0	0.00000000000000
29817330-5d61-11d8-b9b2-b8a03c50a862	308451	0	0.00000000000000	0	0.00000000000000	0	0.00000000000000	0	0.00000000000000	0	0.00000000000000	0	0.00000000000000	0	0.00000000000000	0	0.00000000000000
5c7a5c20-1bd0-11d8-a2da-b8a03c50a862	3723380	0	0.00000000000000	0	0.00000000000000	0	0.00000000000000	0	0.00000000000000	0	0.00000000000000	0	0.00000000000000	0	0.00000000000000	0	0.00000000000000
bfb257e0-b415-11da-967e-b8a03c50a862	15826	0	0.00000000000000	0	0.00000000000000	0	0.00000000000000	0	0.00000000000000	0	0.00000000000000	0	0.00000000000000	0	0.00000000000000	0	0.00000000000000
0a5343a6-8e13-44bb-aee0-d88f712915ec	66246	0	0.00000000000000	0	0.00000000000000	0	0.00000000000000	0	0.00000000000000	0	0.00000000000000	0	0.00000000000000	0	0.00000000000000	0	0.00000000000000
41c55ed5-f222-4b87-ac27-c1770744de7b	51458	0	0.00000000000000	0	0.00000000000000	0	0.00000000000000	0	0.00000000000000	0	0.00000000000000	0	0.00000000000000	0	0.00000000000000	0	0.00000000000000
c8d737e0-2ff8-42e8-b8fc-6b805d26fc5f	118691562	0	0.00000000000000	0	0.00000000000000	0	0.00000000000000	0	0.00000000000000	0	0.00000000000000	0	0.00000000000000	0	0.00000000000000	0	0.00000000000000
fa46e267-4d25-41f5-bbbe-1cd75860b943	238690	0	0.00000000000000	0	0.00000000000000	0	0.00000000000000	0	0.00000000000000	0	0.00000000000000	0	0.00000000000000	0	0.00000000000000	0	0.00000000000000
8f6232c3-5523-44ad-825c-e066fc6b15ad	255102	0	0.00000000000000	0	0.00000000000000	0	0.00000000000000	0	0.00000000000000	0	0.00000000000000	0	0.00000000000000	0	0.00000000000000	0	0.00000000000000
a2fa5b68-3ebf-4845-abc5-f456d251386f	4616974	0	0.00000000000000	0	0.00000000000000	0	0.00000000000000	0	0.00000000000000	0	0.00000000000000	0	0.00000000000000	0	0.00000000000000	0	0.00000000000000
f0d23bad-fee1-435d-bdb6-d26a600cad62	162358	0	0.00000000000000	0	0.00000000000000	0	0.00000000000000	0	0.00000000000000	0	0.00000000000000	0	0.00000000000000	0	0.00000000000000	0	0.00000000000000
b62390e0-0e35-11d9-8431-b8a03c50a862	53259	0	0.00000000000000	0	0.00000000000000	0	0.00000000000000	0	0.00000000000000	0	0.00000000000000	0	0.00000000000000	0	0.00000000000000	0	0.00000000000000
948f0437-2242-4c2e-bb1e-d6e9e69d1d2a	7171	0	0.00000000000000	0	0.00000000000000	0	0.00000000000000	0	0.00000000000000	0	0.00000000000000	0	0.00000000000000	0	0.00000000000000	0	0.00000000000000
44862593-2fdd-4491-ab79-b500b8272aac	380361	0	0.00000000000000	0	0.00000000000000	0	0.00000000000000	0	0.00000000000000	0	0.00000000000000	0	0.00000000000000	0	0.00000000000000	0	0.00000000000000
4f3d98d3-f69a-4929-9291-6c35340b6711	61338	0	0.00000000000000	0	0.00000000000000	0	0.00000000000000	0	0.00000000000000	0	0.00000000000000	0	0.00000000000000	0	0.00000000000000	0	0.00000000000000
14c9828d-3f1f-4be2-8598-cd0861d69081	79299	0	0.00000000000000	0	0.00000000000000	0	0.00000000000000	0	0.00000000000000	0	0.00000000000000	0	0.00000000000000	0	0.00000000000000	0	0.00000000000000
70488160-b003-11d8-a8af-b8a03c50a862	222060	0	0.00000000000000	0	0.00000000000000	0	0.00000000000000	0	0.00000000000000	0	0.00000000000000	0	0.00000000000000	0	0.00000000000000	0	0.00000000000000
ab13adb9-ce23-444d-87c9-ce41f03ef2b3	160120	0	0.00000000000000	0	0.00000000000000	0	0.00000000000000	0	0.00000000000000	0	0.00000000000000	0	0.00000000000000	0	0.00000000000000	0	0.00000000000000
cb55694d-f3b8-451c-999e-d9286d7dfc86	208579	0	0.00000000000000	0	0.00000000000000	0	0.00000000000000	0	0.00000000000000	0	0.00000000000000	0	0.00000000000000	0	0.00000000000000	0	0.00000000000000
8b734449-479a-4924-8f7a-9a2a64112f8f	36443593	0	0.00000000000000	0	0.00000000000000	0	0.00000000000000	0	0.00000000000000	0	0.00000000000000	0	0.00000000000000	0	0.00000000000000	0	0.00000000000000
a8864fd2-f4f9-40b1-bd9d-a8767e12b9ab	33422	0	0.00000000000000	0	0.00000000000000	0	0.00000000000000	0	0.00000000000000	0	0.00000000000000	0	0.00000000000000	0	0.00000000000000	0	0.00000000000000
e88c96a3-5884-4e51-a580-e417ca4c9eed	1251470	0	0.00000000000000	0	0.00000000000000	0	0.00000000000000	0	0.00000000000000	0	0.00000000000000	0	0.00000000000000	0	0.00000000000000	0	0.00000000000000
a3c228d0-3110-11db-abb8-b8a03c50a862	1930281	0	0.00000000000000	0	0.00000000000000	0	0.00000000000000	0	0.00000000000000	0	0.00000000000000	0	0.00000000000000	0	0.00000000000000	0	0.00000000000000
37f13176-4dd6-46bf-9493-09d3513529da	101417	0	0.00000000000000	0	0.00000000000000	0	0.00000000000000	0	0.00000000000000	0	0.00000000000000	0	0.00000000000000	0	0.00000000000000	0	0.00000000000000
d3978a37-635a-4ae3-bb85-7b4d41bc0b88	37820846	0	0.00000000000000	0	0.00000000000000	0	0.00000000000000	0	0.00000000000000	0	0.00000000000000	0	0.00000000000000	0	0.00000000000000	0	0.00000000000000
3c6ad080-bdbe-11da-ac59-b8a03c50a862	1965733	0	0.00000000000000	0	0.00000000000000	0	0.00000000000000	0	0.00000000000000	0	0.00000000000000	0	0.00000000000000	0	0.00000000000000	0	0.00000000000000
743cc32d-d83d-4e3a-a574-77d1725b1e08	95002	0	0.00000000000000	0	0.00000000000000	0	0.00000000000000	0	0.00000000000000	0	0.00000000000000	0	0.00000000000000	0	0.00000000000000	0	0.00000000000000
02fce6f4-8dcd-4eaf-afe9-28ba30822751	1142120	0	0.00000000000000	0	0.00000000000000	0	0.00000000000000	0	0.00000000000000	0	0.00000000000000	0	0.00000000000000	0	0.00000000000000	0	0.00000000000000
58520c30-bafb-11d9-8e53-b8a03c50a862	2005355	0	0.00000000000000	0	0.00000000000000	0	0.00000000000000	0	0.00000000000000	0	0.00000000000000	0	0.00000000000000	0	0.00000000000000	0	0.00000000000000
b872b075-9ab5-4e27-b6c6-5add6b890379	706202	0	0.00000000000000	0	0.00000000000000	0	0.00000000000000	0	0.00000000000000	0	0.00000000000000	0	0.00000000000000	0	0.00000000000000	0	0.00000000000000
1c905e09-830d-43d6-bea7-32b9275364bf	45352	0	0.00000000000000	0	0.00000000000000	0	0.00000000000000	0	0.00000000000000	0	0.00000000000000	0	0.00000000000000	0	0.00000000000000	0	0.00000000000000
8a471700-4ce8-11db-b80e-b8a03c50a862	19614	0	0.00000000000000	0	0.00000000000000	0	0.00000000000000	0	0.00000000000000	0	0.00000000000000	0	0.00000000000000	0	0.00000000000000	0	0.00000000000000
f5fc4e61-b7a0-414b-ab68-b41cb23e7fdc	4522841	0	0.00000000000000	0	0.00000000000000	0	0.00000000000000	0	0.00000000000000	0	0.00000000000000	0	0.00000000000000	0	0.00000000000000	0	0.00000000000000
979dd240-16f7-11df-b5b3-b8a03c50a862	78724	0	0.00000000000000	0	0.00000000000000	0	0.00000000000000	0	0.00000000000000	0	0.00000000000000	0	0.00000000000000	0	0.00000000000000	0	0.00000000000000
c14b9ce2-9545-4376-8a3b-6741558c256a	31392	0	0.00000000000000	0	0.00000000000000	0	0.00000000000000	0	0.00000000000000	0	0.00000000000000	0	0.00000000000000	0	0.00000000000000	0	0.00000000000000
2d6e0e40-2aee-11d8-aa2d-b8a03c50a862	5403688	0	0.00000000000000	0	0.00000000000000	0	0.00000000000000	0	0.00000000000000	0	0.00000000000000	0	0.00000000000000	0	0.00000000000000	0	0.00000000000000
21c07296-77a8-4adf-aba1-e1035429be3a	207929	0	0.00000000000000	0	0.00000000000000	0	0.00000000000000	0	0.00000000000000	0	0.00000000000000	0	0.00000000000000	0	0.00000000000000	0	0.00000000000000
03e90890-8b28-11de-b647-b8a03c50a862	4564	0	0.00000000000000	0	0.00000000000000	0	0.00000000000000	0	0.00000000000000	0	0.00000000000000	0	0.00000000000000	0	0.00000000000000	0	0.00000000000000
610414e0-8040-11d9-8294-b8a03c50a862	81930	0	0.00000000000000	0	0.00000000000000	0	0.00000000000000	0	0.00000000000000	0	0.00000000000000	0	0.00000000000000	0	0.00000000000000	0	0.00000000000000
07acecfd-5994-47a7-bd1b-ccdbf534973b	36844	0	0.00000000000000	0	0.00000000000000	0	0.00000000000000	0	0.00000000000000	0	0.00000000000000	0	0.00000000000000	0	0.00000000000000	0	0.00000000000000
719e2ab0-91c8-11dc-8602-b8a03c50a862	49326	0	0.00000000000000	0	0.00000000000000	0	0.00000000000000	0	0.00000000000000	0	0.00000000000000	0	0.00000000000000	0	0.00000000000000	0	0.00000000000000
dceeca13-45b7-4155-8069-9ed7cef1ab6a	1674	0	0.00000000000000	0	0.00000000000000	0	0.00000000000000	0	0.00000000000000	0	0.00000000000000	0	0.00000000000000	0	0.00000000000000	0	0.00000000000000
e1050db2-9faf-4d72-b860-295debaf9d2a	81230	0	0.00000000000000	0	0.00000000000000	0	0.00000000000000	0	0.00000000000000	0	0.00000000000000	0	0.00000000000000	0	0.00000000000000	0	0.00000000000000
a4d6cc6b-4c62-4015-ad7b-1ba69847a616	13725	0	0.00000000000000	0	0.00000000000000	0	0.00000000000000	0	0.00000000000000	0	0.00000000000000	0	0.00000000000000	0	0.00000000000000	0	0.00000000000000
843c994a-826d-48aa-8caf-c6a709371aab	4685	0	0.00000000000000	0	0.00000000000000	0	0.00000000000000	0	0.00000000000000	0	0.00000000000000	0	0.00000000000000	0	0.00000000000000	0	0.00000000000000
23d95083-5f92-48f2-9556-27a5b0f2400d	107551	0	0.00000000000000	0	0.00000000000000	0	0.00000000000000	0	0.00000000000000	0	0.00000000000000	0	0.00000000000000	0	0.00000000000000	0	0.00000000000000
89602091-d81d-460b-96a5-bbebd4d08529	8262	0	0.00000000000000	0	0.00000000000000	0	0.00000000000000	0	0.00000000000000	0	0.00000000000000	0	0.00000000000000	0	0.00000000000000	0	0.00000000000000
8273e420-46f3-11d8-aa2e-b8a03c50a862	48913	0	0.00000000000000	0	0.00000000000000	0	0.00000000000000	0	0.00000000000000	0	0.00000000000000	0	0.00000000000000	0	0.00000000000000	0	0.00000000000000
4f1aa16c-ac1f-4e25-95fa-70bd71b7a0b4	658404	0	0.00000000000000	0	0.00000000000000	0	0.00000000000000	0	0.00000000000000	0	0.00000000000000	0	0.00000000000000	0	0.00000000000000	0	0.00000000000000
e605f64f-2091-41b6-92d4-8c71008de217	35102	0	0.00000000000000	0	0.00000000000000	0	0.00000000000000	0	0.00000000000000	0	0.00000000000000	0	0.00000000000000	0	0.00000000000000	0	0.00000000000000
ccd1ddc0-6c21-11de-8224-b8a03c50a862	340704	0	0.00000000000000	0	0.00000000000000	0	0.00000000000000	0	0.00000000000000	0	0.00000000000000	0	0.00000000000000	0	0.00000000000000	0	0.00000000000000
24faa081-ab14-4fa6-a646-a99af3fcc5f5	24675	0	0.00000000000000	0	0.00000000000000	0	0.00000000000000	0	0.00000000000000	0	0.00000000000000	0	0.00000000000000	0	0.00000000000000	0	0.00000000000000
b9a1023a-e508-4168-a837-fa0781820a8b	11053	0	0.00000000000000	0	0.00000000000000	0	0.00000000000000	0	0.00000000000000	0	0.00000000000000	0	0.00000000000000	0	0.00000000000000	0	0.00000000000000
9abe4949-29aa-450e-b767-b2788f66e04d	14515	0	0.00000000000000	0	0.00000000000000	0	0.00000000000000	0	0.00000000000000	0	0.00000000000000	0	0.00000000000000	0	0.00000000000000	0	0.00000000000000
2a886112-803b-46eb-9662-080969d58831	7382	0	0.00000000000000	0	0.00000000000000	0	0.00000000000000	0	0.00000000000000	0	0.00000000000000	0	0.00000000000000	0	0.00000000000000	0	0.00000000000000
21074610-6c06-11db-a819-b8a03c50a862	6	0	0.00000000000000	0	0.00000000000000	0	0.00000000000000	0	0.00000000000000	0	0.00000000000000	0	0.00000000000000	0	0.00000000000000	0	0.00000000000000
253fc67c-c7fb-4c85-88f5-43ac6d9dc8a9	368152	0	0.00000000000000	0	0.00000000000000	0	0.00000000000000	0	0.00000000000000	0	0.00000000000000	0	0.00000000000000	0	0.00000000000000	0	0.00000000000000
1c51595e-f1e9-467f-94e5-e1b65d15b30f	1434407	0	0.00000000000000	0	0.00000000000000	0	0.00000000000000	0	0.00000000000000	0	0.00000000000000	0	0.00000000000000	0	0.00000000000000	0	0.00000000000000
4205110f-3f0f-40d8-bd0f-2fa71bc827b5	285803	0	0.00000000000000	0	0.00000000000000	0	0.00000000000000	0	0.00000000000000	0	0.00000000000000	0	0.00000000000000	0	0.00000000000000	0	0.00000000000000
94779153-206e-4a3a-a2d1-7101c7f4975d	29070	0	0.00000000000000	0	0.00000000000000	0	0.00000000000000	0	0.00000000000000	0	0.00000000000000	0	0.00000000000000	0	0.00000000000000	0	0.00000000000000
3b331240-abea-11d9-a96c-b8a03c50a862	9837	0	0.00000000000000	0	0.00000000000000	0	0.00000000000000	0	0.00000000000000	0	0.00000000000000	0	0.00000000000000	0	0.00000000000000	0	0.00000000000000
856529fb-02f1-4539-80c1-174f7231ef0f	7268	0	0.00000000000000	0	0.00000000000000	0	0.00000000000000	0	0.00000000000000	0	0.00000000000000	0	0.00000000000000	0	0.00000000000000	0	0.00000000000000
4a19e429-8f13-478e-86d7-93adb7534524	66353	0	0.00000000000000	0	0.00000000000000	0	0.00000000000000	0	0.00000000000000	0	0.00000000000000	0	0.00000000000000	0	0.00000000000000	0	0.00000000000000
041203aa-ec0f-4125-8553-10ebc00b4357	3200	0	0.00000000000000	0	0.00000000000000	0	0.00000000000000	0	0.00000000000000	0	0.00000000000000	0	0.00000000000000	0	0.00000000000000	0	0.00000000000000
976af1e0-ca25-11da-bfed-b8a03c50a862	2291	0	0.00000000000000	0	0.00000000000000	0	0.00000000000000	0	0.00000000000000	0	0.00000000000000	0	0.00000000000000	0	0.00000000000000	0	0.00000000000000
503569ca-ecec-4583-a126-cfc6118ee8ea	105894	0	0.00000000000000	0	0.00000000000000	0	0.00000000000000	0	0.00000000000000	0	0.00000000000000	0	0.00000000000000	0	0.00000000000000	0	0.00000000000000
7a646477-bd22-4832-902c-19d9671f3ab1	5468	0	0.00000000000000	0	0.00000000000000	0	0.00000000000000	0	0.00000000000000	0	0.00000000000000	0	0.00000000000000	0	0.00000000000000	0	0.00000000000000
10b52165-656c-4d06-92c9-4fadb892934c	6649	0	0.00000000000000	0	0.00000000000000	0	0.00000000000000	0	0.00000000000000	0	0.00000000000000	0	0.00000000000000	0	0.00000000000000	0	0.00000000000000
247e7360-5f30-11df-9ae1-b8a03c50a862	1812	0	0.00000000000000	0	0.00000000000000	0	0.00000000000000	0	0.00000000000000	0	0.00000000000000	0	0.00000000000000	0	0.00000000000000	0	0.00000000000000
fc2a6ee3-5b7e-48c8-9ef2-0207d3fbb94e	307	0	0.00000000000000	0	0.00000000000000	0	0.00000000000000	0	0.00000000000000	0	0.00000000000000	0	0.00000000000000	0	0.00000000000000	0	0.00000000000000
92f51af1-e917-49bc-a8ed-014ed3a77bec	43126	0	0.00000000000000	0	0.00000000000000	0	0.00000000000000	0	0.00000000000000	0	0.00000000000000	0	0.00000000000000	0	0.00000000000000	0	0.00000000000000
02b89818-33ab-4bf7-984d-f88a8e0b0b0f	15178	0	0.00000000000000	0	0.00000000000000	0	0.00000000000000	0	0.00000000000000	0	0.00000000000000	0	0.00000000000000	0	0.00000000000000	0	0.00000000000000
9a23b798-ee7e-4593-9348-7016fdca9960	38787	0	0.00000000000000	0	0.00000000000000	0	0.00000000000000	0	0.00000000000000	0	0.00000000000000	0	0.00000000000000	0	0.00000000000000	0	0.00000000000000
021121c0-f040-11d8-b22f-b8a03c50a862	466939	0	0.00000000000000	0	0.00000000000000	0	0.00000000000000	0	0.00000000000000	0	0.00000000000000	0	0.00000000000000	0	0.00000000000000	0	0.00000000000000
b4370195-ab86-42a1-822a-96809e3d0384	110719	0	0.00000000000000	0	0.00000000000000	0	0.00000000000000	0	0.00000000000000	0	0.00000000000000	0	0.00000000000000	0	0.00000000000000	0	0.00000000000000
845f3630-812c-11de-86fe-b8a03c50a862	145897	0	0.00000000000000	0	0.00000000000000	0	0.00000000000000	0	0.00000000000000	0	0.00000000000000	0	0.00000000000000	0	0.00000000000000	0	0.00000000000000
af00f590-cb78-11d9-b772-b8a03c50a862	223245	0	0.00000000000000	0	0.00000000000000	0	0.00000000000000	0	0.00000000000000	0	0.00000000000000	0	0.00000000000000	0	0.00000000000000	0	0.00000000000000
c654fe80-188b-11d9-8435-b8a03c50a862	57211	0	0.00000000000000	0	0.00000000000000	0	0.00000000000000	0	0.00000000000000	0	0.00000000000000	0	0.00000000000000	0	0.00000000000000	0	0.00000000000000
e3e307d0-1637-11da-a5ec-b8a03c50a862	898985	0	0.00000000000000	0	0.00000000000000	0	0.00000000000000	0	0.00000000000000	0	0.00000000000000	0	0.00000000000000	0	0.00000000000000	0	0.00000000000000
e2475770-5046-11da-8af1-b8a03c50a862	8371	0	0.00000000000000	0	0.00000000000000	0	0.00000000000000	0	0.00000000000000	0	0.00000000000000	0	0.00000000000000	0	0.00000000000000	0	0.00000000000000
315b3c03-4a0a-424e-83a5-d25aa748e666	829	0	0.00000000000000	0	0.00000000000000	0	0.00000000000000	0	0.00000000000000	0	0.00000000000000	0	0.00000000000000	0	0.00000000000000	0	0.00000000000000
471d391b-3e15-4a1d-ba9d-5ea72e6f0a17	827	0	0.00000000000000	0	0.00000000000000	0	0.00000000000000	0	0.00000000000000	0	0.00000000000000	0	0.00000000000000	0	0.00000000000000	0	0.00000000000000
7050ce20-c75e-11dd-87ef-b8a03c50a862	980	0	0.00000000000000	0	0.00000000000000	0	0.00000000000000	0	0.00000000000000	0	0.00000000000000	0	0.00000000000000	0	0.00000000000000	0	0.00000000000000
0e0fc0f0-828e-11d8-b7ed-b8a03c50a862	150202	0	0.00000000000000	0	0.00000000000000	0	0.00000000000000	0	0.00000000000000	0	0.00000000000000	0	0.00000000000000	0	0.00000000000000	0	0.00000000000000
df5031f0-5813-11dc-8a9e-b8a03c50a862	4240	0	0.00000000000000	0	0.00000000000000	0	0.00000000000000	0	0.00000000000000	0	0.00000000000000	0	0.00000000000000	0	0.00000000000000	0	0.00000000000000
0f727d00-b29a-11da-94a7-b8a03c50a862	2483	0	0.00000000000000	0	0.00000000000000	0	0.00000000000000	0	0.00000000000000	0	0.00000000000000	0	0.00000000000000	0	0.00000000000000	0	0.00000000000000
cae7b6c7-669a-4261-9a34-6e8cdc16a125	153	0	0.00000000000000	0	0.00000000000000	0	0.00000000000000	0	0.00000000000000	0	0.00000000000000	0	0.00000000000000	0	0.00000000000000	0	0.00000000000000
be11c6a0-7cf5-11dc-92cb-b8a03c50a862	107580	0	0.00000000000000	0	0.00000000000000	0	0.00000000000000	0	0.00000000000000	0	0.00000000000000	0	0.00000000000000	0	0.00000000000000	0	0.00000000000000
296fe5cf-ae43-4212-8f77-293e807d0d5a	1500515	0	0.00000000000000	0	0.00000000000000	0	0.00000000000000	0	0.00000000000000	0	0.00000000000000	0	0.00000000000000	0	0.00000000000000	0	0.00000000000000
2754e9c0-0e43-4f65-968a-6f16b9c378ce	1180960	0	0.00000000000000	0	0.00000000000000	0	0.00000000000000	0	0.00000000000000	0	0.00000000000000	0	0.00000000000000	0	0.00000000000000	0	0.00000000000000
605e7170-1123-11d9-8433-b8a03c50a862	569687	0	0.00000000000000	0	0.00000000000000	0	0.00000000000000	0	0.00000000000000	0	0.00000000000000	0	0.00000000000000	0	0.00000000000000	0	0.00000000000000
943a5811-d56e-4c37-853d-bd64957d3833	73812	0	0.00000000000000	0	0.00000000000000	0	0.00000000000000	0	0.00000000000000	0	0.00000000000000	0	0.00000000000000	0	0.00000000000000	0	0.00000000000000
17e8fde5-9144-49c8-a893-87138e95b0b7	10521	0	0.00000000000000	0	0.00000000000000	0	0.00000000000000	0	0.00000000000000	0	0.00000000000000	0	0.00000000000000	0	0.00000000000000	0	0.00000000000000
76388ab6-61ca-439a-ab09-e1fe73eb224a	3761	0	0.00000000000000	0	0.00000000000000	0	0.00000000000000	0	0.00000000000000	0	0.00000000000000	0	0.00000000000000	0	0.00000000000000	0	0.00000000000000
a16050e8-4090-45b6-9079-52e5f41a9a0c	5158	0	0.00000000000000	0	0.00000000000000	0	0.00000000000000	0	0.00000000000000	0	0.00000000000000	0	0.00000000000000	0	0.00000000000000	0	0.00000000000000
43c1d5e0-0a24-11dd-953d-b8a03c50a862	6994	0	0.00000000000000	0	0.00000000000000	0	0.00000000000000	0	0.00000000000000	0	0.00000000000000	0	0.00000000000000	0	0.00000000000000	0	0.00000000000000
a5586d20-0f7c-11dd-9d45-b8a03c50a862	95701	0	0.00000000000000	0	0.00000000000000	0	0.00000000000000	0	0.00000000000000	0	0.00000000000000	0	0.00000000000000	0	0.00000000000000	0	0.00000000000000
84689334-d12f-443a-995d-f51d3f7b4ef7	102606	0	0.00000000000000	0	0.00000000000000	0	0.00000000000000	0	0.00000000000000	0	0.00000000000000	0	0.00000000000000	0	0.00000000000000	0	0.00000000000000
30b6eaa0-21c9-11dd-9858-b8a03c50a862	251	0	0.00000000000000	0	0.00000000000000	0	0.00000000000000	0	0.00000000000000	0	0.00000000000000	0	0.00000000000000	0	0.00000000000000	0	0.00000000000000
da5762ef-a7fd-4a0a-b46e-90721f698025	22	0	0.00000000000000	0	0.00000000000000	0	0.00000000000000	0	0.00000000000000	0	0.00000000000000	0	0.00000000000000	0	0.00000000000000	0	0.00000000000000
f4ce3c03-7b38-445e-86e6-5f6b04b649d4	5	0	0.00000000000000	0	0.00000000000000	0	0.00000000000000	0	0.00000000000000	0	0.00000000000000	0	0.00000000000000	0	0.00000000000000	0	0.00000000000000
1ef55060-54da-11dd-9d47-b8a03c50a862	14142	0	0.00000000000000	0	0.00000000000000	0	0.00000000000000	0	0.00000000000000	0	0.00000000000000	0	0.00000000000000	0	0.00000000000000	0	0.00000000000000
c2eb00e2-6d2e-45b8-aaeb-250a8ba2f65f	578	0	0.00000000000000	0	0.00000000000000	0	0.00000000000000	0	0.00000000000000	0	0.00000000000000	0	0.00000000000000	0	0.00000000000000	0	0.00000000000000
088741fa-d695-4cec-ae3b-9c6dc4539ca1	2166	0	0.00000000000000	0	0.00000000000000	0	0.00000000000000	0	0.00000000000000	0	0.00000000000000	0	0.00000000000000	0	0.00000000000000	0	0.00000000000000
aa40a1e0-818b-11d9-b6d0-b8a03c50a862	975046	0	0.00000000000000	0	0.00000000000000	0	0.00000000000000	0	0.00000000000000	0	0.00000000000000	0	0.00000000000000	0	0.00000000000000	0	0.00000000000000
59c81290-df0e-11d8-b22e-b8a03c50a862	46118	0	0.00000000000000	0	0.00000000000000	0	0.00000000000000	0	0.00000000000000	0	0.00000000000000	0	0.00000000000000	0	0.00000000000000	0	0.00000000000000
036cdc50-e7f5-11d9-9a0e-b8a03c50a862	191859	0	0.00000000000000	0	0.00000000000000	0	0.00000000000000	0	0.00000000000000	0	0.00000000000000	0	0.00000000000000	0	0.00000000000000	0	0.00000000000000
c9e7382a-cfc3-45f3-85d9-2d2a640603fd	52	0	0.00000000000000	0	0.00000000000000	0	0.00000000000000	0	0.00000000000000	0	0.00000000000000	0	0.00000000000000	0	0.00000000000000	0	0.00000000000000
5480dea7-2a71-409b-a832-cbc5f1b5a2e6	2241286	0	0.00000000000000	0	0.00000000000000	0	0.00000000000000	0	0.00000000000000	0	0.00000000000000	0	0.00000000000000	0	0.00000000000000	0	0.00000000000000
6def5a1e-45a9-471c-86c3-06ce0ff76179	103895	0	0.00000000000000	0	0.00000000000000	0	0.00000000000000	0	0.00000000000000	0	0.00000000000000	0	0.00000000000000	0	0.00000000000000	0	0.00000000000000
c461e0ec-aaa8-4601-bae9-4b08d6e804f1	123282	0	0.00000000000000	0	0.00000000000000	0	0.00000000000000	0	0.00000000000000	0	0.00000000000000	0	0.00000000000000	0	0.00000000000000	0	0.00000000000000
974a24e0-4f8e-11da-a57c-b8a03c50a862	3021	0	0.00000000000000	0	0.00000000000000	0	0.00000000000000	0	0.00000000000000	0	0.00000000000000	0	0.00000000000000	0	0.00000000000000	0	0.00000000000000
643fe8a0-bd8a-11de-b279-8c1f280c453e	1268	0	0.00000000000000	0	0.00000000000000	0	0.00000000000000	0	0.00000000000000	0	0.00000000000000	0	0.00000000000000	0	0.00000000000000	0	0.00000000000000
3988de20-0560-11d8-b851-b8a03c50a862	1132	0	0.00000000000000	0	0.00000000000000	0	0.00000000000000	0	0.00000000000000	0	0.00000000000000	0	0.00000000000000	0	0.00000000000000	0	0.00000000000000
48490260-8fc0-11dd-be72-b8a03c50a862	13646	0	0.00000000000000	0	0.00000000000000	0	0.00000000000000	0	0.00000000000000	0	0.00000000000000	0	0.00000000000000	0	0.00000000000000	0	0.00000000000000
e2ce7dc0-a8b5-11d8-9534-b8a03c50a862	125351	0	0.00000000000000	0	0.00000000000000	0	0.00000000000000	0	0.00000000000000	0	0.00000000000000	0	0.00000000000000	0	0.00000000000000	0	0.00000000000000
90cc71b0-055b-11d8-b84e-b8a03c50a862	48922	0	0.00000000000000	0	0.00000000000000	0	0.00000000000000	0	0.00000000000000	0	0.00000000000000	0	0.00000000000000	0	0.00000000000000	0	0.00000000000000
3eeffcbd-0e84-4223-ac65-3d32e7cc8511	74699	0	0.00000000000000	0	0.00000000000000	0	0.00000000000000	0	0.00000000000000	0	0.00000000000000	0	0.00000000000000	0	0.00000000000000	0	0.00000000000000
748c0800-dd56-4c5c-9fc1-499bd7d6a631	391578	0	0.00000000000000	0	0.00000000000000	0	0.00000000000000	0	0.00000000000000	0	0.00000000000000	0	0.00000000000000	0	0.00000000000000	0	0.00000000000000
f739aef0-8a5b-11d9-bc8d-b8a03c50a862	40513	0	0.00000000000000	0	0.00000000000000	0	0.00000000000000	0	0.00000000000000	0	0.00000000000000	0	0.00000000000000	0	0.00000000000000	0	0.00000000000000
ff6a9550-c5c3-11d9-b4b2-b8a03c50a862	29449	0	0.00000000000000	0	0.00000000000000	0	0.00000000000000	0	0.00000000000000	0	0.00000000000000	0	0.00000000000000	0	0.00000000000000	0	0.00000000000000
f6faa566-47f0-41c9-8056-5d715cae7c23	591	0	0.00000000000000	0	0.00000000000000	0	0.00000000000000	0	0.00000000000000	0	0.00000000000000	0	0.00000000000000	0	0.00000000000000	0	0.00000000000000
63ed155b-d511-4026-b474-8945d0a36b13	124657	0	0.00000000000000	0	0.00000000000000	0	0.00000000000000	0	0.00000000000000	0	0.00000000000000	0	0.00000000000000	0	0.00000000000000	0	0.00000000000000
4f48f140-38a5-11d9-8439-b8a03c50a862	21333	0	0.00000000000000	0	0.00000000000000	0	0.00000000000000	0	0.00000000000000	0	0.00000000000000	0	0.00000000000000	0	0.00000000000000	0	0.00000000000000
dcf2223a-5eae-4977-904c-ebd1819c603d	6722	0	0.00000000000000	0	0.00000000000000	0	0.00000000000000	0	0.00000000000000	0	0.00000000000000	0	0.00000000000000	0	0.00000000000000	0	0.00000000000000
8ef49720-e6dc-11dc-8b77-b8a03c50a862	232661	0	0.00000000000000	0	0.00000000000000	0	0.00000000000000	0	0.00000000000000	0	0.00000000000000	0	0.00000000000000	0	0.00000000000000	0	0.00000000000000
1e36575b-aaaf-4171-b226-846f766a516d	973	0	0.00000000000000	0	0.00000000000000	0	0.00000000000000	0	0.00000000000000	0	0.00000000000000	0	0.00000000000000	0	0.00000000000000	0	0.00000000000000
335880a0-e2e1-11dd-8102-b8a03c50a862	60163	0	0.00000000000000	0	0.00000000000000	0	0.00000000000000	0	0.00000000000000	0	0.00000000000000	0	0.00000000000000	0	0.00000000000000	0	0.00000000000000
78b6f54b-0971-4169-babf-1de74709031a	3023	0	0.00000000000000	0	0.00000000000000	0	0.00000000000000	0	0.00000000000000	0	0.00000000000000	0	0.00000000000000	0	0.00000000000000	0	0.00000000000000
